上官均,蔡确,弹劾,0
张栻,钟炤之,学生为Y,0
邵雍,魏了翁,书序由Y所作,0
冯山,范祖禹,推荐,0
黄干,吴昌裔,学生为Y,0
真德秀,丁黼,推荐,0
杨万里,刘俨,学生为Y,0
上官均,李清臣,弹劾,0
苏轼,毕仲游,门人为Y,0
张浚,秦桧,反对攻讦,0
王纶,秦桧,反对攻讦,0
李中简,纪昀,友,0
蔡京,毛滂,门人为Y,0
宋白,田锡,门人为Y,0
周敦颐,魏了翁,书序由Y所作,0
蔡京,李朴,排挤,0
司马光,朱光庭,推荐,0
龚鼎臣,刘跂,书序由Y所作,0
黄凤翔,程文德,未知,0
范百禄,张宇,学生为Y,0
韩璜,秦桧,反对攻讦,0
苏轼,单锷,推荐,0
孙复,文彦博,门人为Y,0
林虙,程俱,书序由Y所作,0
韩驹,范季随,学生为Y,0
王安国,施大任,欣赏器重,0
蔡京,司马光,支持,0
秦观,释道潜,友,0
程颐,张绎,学生为Y,0
江休复,尹洙,友,0
方翥,赵彦端,同年友,0
杨万里,曾三聘,推荐,0
晏殊,富弼,推荐,0
钟震,邹应龙,同年友,0
吴思齐,柳贯,学生为Y,0
杨简,袁甫,学生为Y,0
朱熹,周明仲,欣赏器重,0
蒋之奇,欧阳修,弹劾,0
张咏,古成之,辟,0
胡安国,陈渊,推荐,0
叶颙,汪应辰,推荐,0
林颜,章惇,恩主是Y,0
陈升之,王安石,恩主是Y,0
吕嘉问,章惇,恩主是Y,0
尹焞,王苹,推荐,0
胡瑗,范纯仁,学生为Y,0
张方平,蒋堂,书序由Y所作,0
章惇,邢恕,未知,0
朱熹,熊节,门人为Y,0
范祖禹,陈轩,推荐,0
杨亿,宋庠,书序由Y所作,0
赵汝愚,赵汝谠,党魁为Y,0
滕宗谅,范仲淹,同年友,0
吴思齐,谢翱,友,0
丁谓,祖士衡,与Y结党,0
石延年,刘庠,欣赏器重,0
王苹,曾几,学生为Y,0
范祖禹,王奎,推荐,0
魏了翁,许玠,门人为Y,0
廖德明,邹应博,学生为Y,0
祖士衡,丁谓,与Y结党,0
高登,林希,书序由Y所作,0
纪昀,秦大士,友,0
吴中复,刘沆,弹劾,0
杨简,钱槱,学生为Y,0
张栻,杨万里,书序由Y所作,0
叶适,葛绍体,学生为Y,0
陈朝老,何执中,反对攻讦,0
陈舜俞,蒋之奇,书序由Y所作,0
范仲淹,张方平,推荐,0
王蒙,魏了翁,书序由Y所作,0
杨简,邹梦遇,学生为Y,0
戴栩,朱晞颜,友,0
郑若冲,汪大猷,友,0
吴谦,谢翱,友,0
饶鲁,陈大猷,学生为Y,0
林宪,杨万里,书序由Y所作,0
王回,曾巩,书序由Y所作,0
吕惠卿,韩绛,排挤,0
文彦博,孔文仲,推荐,0
向子諲,胡寅,书序由Y所作,0
傅行简,何应龙,同年友,0
吕本中,张扩,友,0
曹彦约,度正,推荐,0
黄定,陈律,同年友,0
彭元瑞,纪昀,友,0
杨简,王震,学生为Y,0
刘恕,司马光,书序由Y所作,0
朱熹,陈易,学生为Y,0
石介,范仲淹,支持,0
刘衡,刘敞,书序由Y所作,0
范祖禹,杜敏求,推荐,0
陈登,王十朋,友,0
王大宝,汤思退,弹劾,0
王安石,沈辽,欣赏器重,0
张载,胡宏,书序由Y所作,0
范祖禹,王任,推荐,0
黄庭坚,魏了翁,书序由Y所作,0
吴潜,陈凤,学生为Y,0
王从,周必大,书序由Y所作,0
汪应辰,郑樵,推荐,0
石介,赵泽,学生为Y,0
李纲,郑昌龄,门人为Y,0
申蕙,黄德贞,友,0
李焘,方恬,推荐,0
黄庭坚,刘拯,弹劾,0
汪应辰,郑侨,学生为Y,0
范仲淹,滕宗谅,同年友,0
王大宝,张栻,学生为Y,0
史浩,楼钥,书序由Y所作,0
虞刚简,魏了翁,友,0
陈显,蔡京,反对攻讦,0
章惇,陈瓘,推荐,0
杨时,林之奇,书序由Y所作,0
员安舆,文同,友,0
杨辅,魏了翁,书序由Y所作,0
范致虚,刘正夫,同年友,0
纪昀,汪德钺,欣赏器重,0
范祖禹,吕大临,推荐,0
刘珙,真德秀,书序由Y所作,0
高登,林宗臣,学生为Y,0
赵抃,周敦颐,推荐,0
胡铨,刘琮,欣赏器重,0
翁绩,赵良嗣,反对攻讦,0
李道传,吴曦,反对攻讦,0
晏殊,曾巩,书序由Y所作,0
张鼐,沈恺,未知,0
张方平,邵炳,推荐,0
司马光,夏竦,反对攻讦,0
石延年,苏舜钦,书序由Y所作,0
范镇,司马光,友,0
江汉,秦桧,反对攻讦,0
蔡卞,陈次升,排挤,0
司马光,李植,友,0
邵雍,章惇,学生为Y,0
秦桧,黄龟年,排挤,0
林宪,楼钥,书序由Y所作,0
史浩,石斗文,推荐,0
朱熹,刘玶,友,0
丰稷,蔡京,弹劾,0
程颐,周孚先,学生为Y,0
方岳,丁大全,反对攻讦,0
吕诲,司马光,书序由Y所作,0
张鼐,何良傅,未知,0
李纲,朱熹,书序由Y所作,0
吕行中,杨万里,书序由Y所作,0
游酢,曾开,学生为Y,0
乌斯道,丁鹤年,欣赏器重,0
陈献章,李承箕,门人为Y,0
秦桧,吴芾,排挤,0
朱熹,包恢,学生为Y,0
徐范,赵汝愚,支持,0
秦桧,翟汝文,弹劾,0
陆游,曾黯,推荐,0
杨辅,吴曦,反对攻讦,0
安焘,常安民,支持,0
赵抃,刘易,推荐,0
文彦博,杜纯,推荐,0
张嵲,秦桧,支持,0
魏了翁,史绳祖,门人为Y,0
宋敏求,晁补之,书序由Y所作,0
江休复,欧阳修,书序由Y所作,0
辛次膺,汤思退,弹劾,0
徐学谟,李默,未知,0
傅伯寿,真德秀,书序由Y所作,0
丰稷,朱熹,书序由Y所作,0
陈瓘,陈师锡,与Y结党,0
王巩,秦观,书序由Y所作,0
李至,张宏,推荐,0
朱熹,李侗,学生为Y,0
秦桧,王纶,排挤,0
范寅宾,张九成,同年友,0
秦桧,林季仲,排挤,0
吴芾,周必大,书序由Y所作,0
邵雍,张栻,书序由Y所作,0
王安石,孙觉,排挤,0
朱熹,毛友诚,学生为Y,0
胡宏,赵棠,学生为Y,0
陈恬,晁说之,友,0
余复,刘棠,同年友,0
王谊,秦桧,弹劾,0
傅察,周必大,书序由Y所作,0
释持,陆游,书序由Y所作,0
曹彦约,吴渊,推荐,0
程颐,周行己,学生为Y,0
宋咸,宋祁,书序由Y所作,0
朱熹,蔡沈,学生为Y,0
钱端礼,汤思退,支持,0
秦桧,仲并,反对攻讦,0
王安石,蔡卞,学生为Y,0
朱熹,刘黻,门人为Y,0
吕蒙正,富弼,欣赏器重,0
范祖禹,家彬,推荐,0
邓林,戴溪,友,0
王佐,刘鄂,推荐,0
王禹锡,高绅,同年友,0
张孝祥,谢尧仁,学生为Y,0
范祖禹,杜常,推荐,0
赵汝谈,赵汝愚,支持,0
文同,吴璜,学生为Y,0
释智圆,林逋,友,0
曾巩,李中,友,0
孙素,吴澄,书序由Y所作,0
蔡肇,张商英,恩主是Y,0
姚嗣宗,张元,友,0
袁甫,张伯常,友,0
张鼐,钱福,未知,0
司马光,苏辙,书序由Y所作,0
吕祖谦,刘炳,学生为Y,0
王钦若,丁谓,与Y结党,0
秦熺,张瑾,同年友,0
韩琦,刘易,推荐,0
陈贵谊,魏了翁,同年友,0
黄履,蔡确,支持,0
秦桧,陈祖安,排挤,0
郭忠孝,谢谔,门人为Y,0
朱松,胡珵,友,0
蔡卞,章惇,与Y结党,0
朱晞颜,刘宰,友,0
周端朝,赵汝愚,支持,0
黄震,李溥,反对攻讦,0
吕本中,汪应辰,学生为Y,0
冯时行,吕及之,友,0
梅尧臣,陆游,书序由Y所作,0
司马光,闻人安道,友,0
孙觉,王安石,恩主是Y,0
乐雷发,姚勉,门人为Y,0
赵彦呐,吴曦,反对攻讦,0
王安石,钱公辅,推荐,0
郑善夫,孙一元,未知,0
贾似道,陈世崇,排挤,0
方大琮,刘克逊,推荐,0
朱熹,唐仲友,弹劾,0
尹焞,高材,学生为Y,0
曹修古,赵祯,支持,0
朱熹,刘黻,学生为Y,0
文彦博,楚建中,推荐,0
文彦博,释法宝,欣赏器重,0
司马光,宇文之邵,欣赏器重,0
欧阳修,李之仪,书序由Y所作,0
郑伯熊,陈亮,书序由Y所作,0
黄涛,黄朴,同年友,0
程颐,尹焞,学生为Y,0
史嵩之,吕午,弹劾,0
宇文之邵,魏了翁,书序由Y所作,0
钱明逸,富弼,弹劾,0
周必大,刘清之,推荐,0
邹浩,李纲,书序由Y所作,0
朱熹,李燔,学生为Y,0
李植,司马光,友,0
苏轼,范镇,欣赏器重,0
朱熹,陈埴,学生为Y,0
晁说之,陈恬,友,0
秦桧,王谊,排挤,0
朱熹,傅诚,门人为Y,0
皇甫汸,白悦,未知,0
赵祯,欧阳修,书序由Y所作,0
霍与瑕,霍韬,未知,0
郑刚中,胡铨,支持,0
欧阳修,梅尧臣,友,0
陈炳,刘克庄,书序由Y所作,0
章杰,翁蒙之,弹劾,0
刘恕,薛季宣,书序由Y所作,0
范祖禹,郑雍,推荐,0
吕祖谦,陈孔硕,门人为Y,0
胡宏,张栻,书序由Y所作,0
真德秀,金文刚,门人为Y,0
何若,沈晦,同年友,0
胡助,吴澄,书序由Y所作,0
李深,章惇,反对攻讦,0
方凤,黄景昌,学生为Y,0
安焘,丰稷,辟,0
胡铨,杨万里,书序由Y所作,0
苏轼,孔文仲,欣赏器重,0
赵君锡,刘跂,书序由Y所作,0
纪昀,倪承宽,同年友,0
李觏,傅翼,门人为Y,0
蔡卞,李植,排挤,0
张商英,章縡,支持,0
王逢,刘氏,欣赏器重,0
朱熹,林夔孙,门人为Y,0
苏洵,苏轼,书序由Y所作,0
魏了翁,许奕,同年友,0
章惇,林希,支持,0
薛绂,卫泾,同年友,0
欧阳修,陈烈,推荐,0
许衡,姚燧,学生为Y,0
曾会,释定诸,友,0
陈鹏飞,秦熺,学生为Y,0
沈与求,辛炳,推荐,0
郑元祐,沈右,欣赏器重,0
王安石,孙觉,友,0
刘清之,吕祖谦,友,0
司马光,孔宗翰,推荐,0
邹浩,李潜,推荐,0
秦桧,折彦质,排挤,0
赵汝愚,徐谊,欣赏器重,0
谢黻,蔡京,反对攻讦,0
张鼐,陆深,未知,0
周敦颐,张栻,书序由Y所作,0
梅尧臣,欧阳修,书序由Y所作,0
邓原岳,吴国伦,未知,0
杨亿,石待问,欣赏器重,0
苏轼,顾临,欣赏器重,0
林旦,吕惠卿,弹劾,0
张鼐,张萱,未知,0
徐谊,汪莘,欣赏器重,0
秦桧,郑仲熊,党魁为Y,0
宋祁,唐庚,书序由Y所作,0
王适,苏辙,书序由Y所作,0
范祖禹,赵令畤,推荐,0
张栻,张杰,友,0
赵煦,章惇,弹劾,0
钱大昕,曹仁虎,友,0
苏轼,林豫,推荐,0
欧阳守道,刘棨,学生为Y,0
王鹗,元好问,书序由Y所作,0
王安石,石汝砺,排挤,0
李植,吕公著,恩主是Y,0
朱筠,李中简,友,0
李之仪,吴芾,书序由Y所作,0
洪良浩,纪昀,友,0
许懋,刘涣,推荐,0
唐介,吴奎,弹劾,0
陈均,贾似道,反对攻讦,0
种师道,尹焞,推荐,0
叶适,王度,学生为Y,0
李渭,鲁宗道,支持,0
张载,范育,学生为Y,0
沈遘,苏轼,书序由Y所作,0
孔文仲,周必大,书序由Y所作,0
苏颂,孙永,欣赏器重,0
陆游,戴复古,学生为Y,0
江纬,汪藻,学生为Y,0
楼钥,魏了翁,书序由Y所作,0
释慧印,释宗本,学生为Y,0
柳贯,仇远,友,0
吕颐浩,权邦彦,与Y结党,0
谭廷献,樊增祥,同年友,0
赵鼎,章惇,反对攻讦,0
欧阳修,宋敏求,推荐,0
朱熹,刘爚,学生为Y,0
虞允文,赵雄,推荐,0
江溥,刘宰,未知,0
杨椿,杨汝南,推荐,0
吕夷简,李载,推荐,0
蔡京,王当,排挤,0
李闳祖,朱熹,友,0
陈襄,陈烈,友,0
辛弃疾,朱熹,友,0
刘应龙,孙炳炎,推荐,0
丁宝臣,曾巩,书序由Y所作,0
钱公辅,罗拯,弹劾,0
杨简,张渭,学生为Y,0
唐震,黄震,友,0
王安石,李定,学生为Y,0
秦桧,刘章,排挤,0
杨简,冯兴宗,学生为Y,0
沈与求,潘良贵,推荐,0
欧阳修,吕公著,推荐,0
欧阳修,韩琦,支持,0
吕嘉问,王安石,党魁为Y,0
曾巩,张大亨,学生为Y,0
赵抃,俞汝尚,友,0
程敦厚,汪应辰,同年友,0
刘尧夫,吴澄,书序由Y所作,0
杨万里,京镗,推荐,0
周必大,米芾,未知,0
胡寅,黄熙,欣赏器重,0
石介,吕希哲,学生为Y,0
陈世崇,黄鹏飞,友,0
毛注,蔡京,反对攻讦,0
蔡渊,翁泳,学生为Y,0
权邦彦,李纲,反对攻讦,0
吴奎,孙洙,推荐,0
陈铸,蔡襄,书序由Y所作,0
独孤申叔,柳宗元,友,0
韩琦,郑伯玉,推荐,0
范祖禹,楼钥,书序由Y所作,0
陈祐,蔡京,反对攻讦,0
赵鼎,范冲,弹劾,0
韩琦,黄晞,推荐,0
留正,姜特立,弹劾,0
贾昌朝,李京,排挤,0
朱熹,曹叔远,门人为Y,0
崔鶠,蔡京,反对攻讦,0
罗汝楫,秦桧,恩主是Y,0
陈傅良,楼钥,书序由Y所作,0
杜范,车若水,未知,0
程颢,魏了翁,书序由Y所作,0
袁枚,钱大昕,友,0
杨万里,张泌,推荐,0
邓林,周必大,友,0
苏辙,王巩,推荐,0
范仲淹,彭乘,推荐,0
陆九渊,刘尧夫,学生为Y,0
钱大昕,钮树玉,学生为Y,0
邹浩,田昼,友,0
汪道昆,汪一中,未知,0
潘良贵,向子諲,反对攻讦,0
张逵,李畋,同年友,0
刘克庄,秦纲,友,0
陈执中,李中师,推荐,0
晏殊,范仲淹,推荐,0
陆九渊,黄棐,学生为Y,0
胡旦,赵昌言,与Y结党,0
李涛,林之奇,友,0
张鼐,莫如忠,未知,0
王禹偁,宋白,欣赏器重,0
倪承宽,纪昀,同年友,0
萧至忠,武三思,恩主是Y,0
胡应麟,王世贞,未知,0
朱熹,熊以宁,门人为Y,0
陈仁锡,左懋第,未知,0
张居正,丘岳,未知,0
朱涣,文天祥,学生为Y,0
朱熹,郑会,学生为Y,0
朱熹,黄谦,学生为Y,0
林俊,林鹗,未知,0
林师蒧,王厚之,友,0
曹彦约,刘宰,推荐,0
李中简,戈涛,友,0
徐学谟,顾可学,未知,0
郑居中,蔡京,支持,0
张齐贤,张宏,推荐,0
苏轼,鲜于侁,欣赏器重,0
钱惟治,沈辽,书序由Y所作,0
郑侠,林仲嘉,友,0
周孚,陈珙,友,0
颜太初,司马光,书序由Y所作,0
章惇,吕大防,排挤,0
刘师道,黄叔达,友,0
苏轼,崔闲,门人为Y,0
颜复,陈师道,书序由Y所作,0
师骥,蔡京,反对攻讦,0
曾纡,孙觌,书序由Y所作,0
陆九渊,郑会,学生为Y,0
欧阳修,刘羲叟,推荐,0
马思赞,揆叙,友,0
吕南公,王向,推荐,0
晏殊,富弼,支持,0
胡安国,王枢,门人为Y,0
董邦达,窦光鼐,学生为Y,0
李纲,杨时,书序由Y所作,0
张俊,秦桧,支持,0
范钦,方献夫,未知,0
朱熹,杜范,门人为Y,0
纪昀,宋来会,友,0
范仲淹,张升,推荐,0
释法泉,苏轼,友,0
方勺,叶梦得,书序由Y所作,0
朱熹,傅伯成,学生为Y,0
秦桧,高闶,弹劾,0
范镇,白子仪,友,0
王慎中,华察,未知,0
虞刚简,范仲黼,友,0
吕本中,高茂华,欣赏器重,0
范祖禹,张庭坚,推荐,0
柳贯,胡长孺,友,0
黄龟年,秦桧,弹劾,0
张方平,李大临,推荐,0
孙升,苏轼,反对攻讦,0
李沆,释仲休,推荐,0
邢恕,司马光,恩主是Y,0
朱熹,吴浩,门人为Y,0
范仲淹,朱采,推荐,0
刘承弼,杨万里,书序由Y所作,0
洪迈,吴元美,推荐,0
薛季宣,陈亮,书序由Y所作,0
屠隆,王士骐,未知,0
王安石,常秩,推荐,0
吕蒙正,张宏,推荐,0
赵蕃,余俦,欣赏器重,0
文彦博,强至,书序由Y所作,0
范仲淹,苏舜钦,推荐,0
韩琦,胡恢,推荐,0
鲜于侁,秦观,书序由Y所作,0
陈仁锡,陈璚,同年友,0
范镇,司马光,同年友,0
盛陶,李复圭,弹劾,0
袁尊尼,华察,未知,0
程颐,陈经正,学生为Y,0
章惇,林希,与Y结党,0
曾布,陈瓘,推荐,0
程颐,李朴,欣赏器重,0
贾似道,范晞文,弹劾,0
程师孟,秦观,书序由Y所作,0
林之奇,吕祖谦,学生为Y,0
段玉裁,钱大昕,友,0
蔡卞,章惇,党魁为Y,0
钱鍪,赵汝愚,反对攻讦,0
朱松,刘子翚,友,0
蔡杭,刘逢源,学生为Y,0
赵方,赵鼎臣,书序由Y所作,0
蒋重珍,赵发,同年友,0
孔宗翰,苏轼,书序由Y所作,0
文彦博,龙昌期,推荐,0
陈律,黄定,同年友,0
朱熹,曾兴宗,门人为Y,0
王逢,范琦,欣赏器重,0
钱维乔,钱大昕,友,0
司马光,邢居实,学生为Y,0
李宗易,苏辙,书序由Y所作,0
谢翱,吴谦,友,0
陆九龄,袁燮,门人为Y,0
孙载,袁默,友,0
苏轼,晁说之,推荐,0
蔡薿,蔡京,恩主是Y,0
欧阳修,曾巩,推荐,0
李廌,孔夷,友,0
萧国梁,奚商衡,同年友,0
元绛,危固,推荐,0
司马光,张徽,友,0
罗汝楫,张戒,弹劾,0
胡直孺,孙觌,书序由Y所作,0
江藩,钱大昕,学生为Y,0
吴全节,吴澄,书序由Y所作,0
王旦,韩琦,书序由Y所作,0
朱时敏,张孝祥,同年友,0
项安世,朱熹,支持,0
王子韶,王安石,恩主是Y,0
韩元吉,陆游,书序由Y所作,0
朱熹,张杰,友,0
王格,陈轩,友,0
黄履,梁焘,弹劾,0
韩琦,崔公度,推荐,0
王尚恭,司马光,书序由Y所作,0
段成己,吴澄,书序由Y所作,0
洪刍,刘克庄,书序由Y所作,0
胡瑗,程颐,欣赏器重,0
程颐,晏敦复,学生为Y,0
黄祖舜,秦熺,反对攻讦,0
王安石,吴澄,书序由Y所作,0
章惇,刘安世,排挤,0
周必大,程大昌,同年友,0
真德秀,李遇,门人为Y,0
刘应时,陆游,书序由Y所作,0
孙侔,王安石,书序由Y所作,0
康海,唐龙,未知,0
黄媛介,薛素素,友,0
权邦彦,孔彦舟,反对攻讦,0
王安石,王存,友,0
李觏,傅野,门人为Y,0
傅伯成,高元之,友,0
赵瞻,韩琦,书序由Y所作,0
叶祖洽,曾布,恩主是Y,0
胡瑗,徐积,学生为Y,0
叶适,王绰,友,0
郑起潜,蒋重珍,同年友,0
种古,范纯仁,反对攻讦,0
杨万里,莫漳,推荐,0
魏野,薛田,书序由Y所作,0
秦桧,薛弼,门人为Y,0
真德秀,李遇,学生为Y,0
孔武仲,周必大,书序由Y所作,0
方回,刘光,欣赏器重,0
刘安世,胡珵,学生为Y,0
张鼐,林景旸,未知,0
张雨,张简,学生为Y,0
留梦炎,宗必经,推荐,0
吴潜,丁大全,弹劾,0
任希夷,周敦颐,支持,0
张磻,史嵩之,反对攻讦,0
钱大昕,朱筠,同年友,0
朱熹,何镐,弹劾,0
柳贯,戴表元,友,0
杨维桢,华幼武,欣赏器重,0
沈遘,孙侔,推荐,0
张以宁,宋濂,书序由Y所作,0
刘纶,王昶,友,0
朱熹,杨长孺,门人为Y,0
范祖禹,虞策,推荐,0
司马光,孟翱,同年友,0
范仲淹,李觏,推荐,0
黄庭坚,崔子方,学生为Y,0
苏轼,苏嘉,友,0
苏辙,毛维瞻,友,0
朱熹,吴伦,门人为Y,0
王越石,王安石,同年友,0
郑獬,陈舜俞,推荐,0
陈懿典,王崇古,未知,0
赵葵,刘克庄,书序由Y所作,0
汪应辰,李焘,推荐,0
李宗易,晏殊,友,0
唐顺之,孙慎行,学生为Y,0
楼钥,彭龟年,支持,0
李浩,晁补之,书序由Y所作,0
王子韶,祖无择,弹劾,0
张璪,陈颢,同年友,0
屠隆,李言恭,未知,0
林光朝,黄刍,学生为Y,0
沈季长,王安石,支持,0
桑世昌,杨万里,书序由Y所作,0
吕祖谦,乔行简,学生为Y,0
程晋芳,武亿,友,0
陆九渊,陈去华,学生为Y,0
司马光,徐中行,欣赏器重,0
刘遁,丁谓,友,0
程瑀,唐恪,弹劾,0
萧逵,张淏,推荐,0
张载,魏了翁,书序由Y所作,0
张浚,魏了翁,书序由Y所作,0
曾巩,沈季长,友,0
文天祥,邓剡,欣赏器重,0
秦梓,张守,书序由Y所作,0
吴宽,李杰,同年友,0
孙复,韩琦,恩主是Y,0
丰有俊,钟颖,推荐,0
陈楫,潘良贵,友,0
李清照,韩玉父,学生为Y,0
刘墉,纪昀,友,0
蔡京,曹宗,与Y结党,0
刘牧,吴秘,学生为Y,0
赵鼎臣,王安石,友,0
马祖常,黄溍,推荐,0
邵雍,赵济,学生为Y,0
周应合,贾似道,弹劾,0
宋敏求,司马光,书序由Y所作,0
吕祖谦,郑良臣,学生为Y,0
常秩,王安石,支持,0
邢恕,蔡京,支持,0
吕大防,张载,推荐,0
黎仲吉,丁谓,反对攻讦,0
陈瓘,汪应辰,书序由Y所作,0
朱熹,陈文蔚,门人为Y,0
木待问,张渊,同年友,0
蔡京,蔡薿,支持,0
魏掞之,曾觌,弹劾,0
王尧臣,许元,欣赏器重,0
王恽,陈祜,推荐,0
吕祖谦,杨诚之,学生为Y,0
湛若水,陈道,未知,0
赵师训,张孝祥,同年友,0
文天祥,薛魁祥,友,0
吴谦,吴思齐,友,0
张浚,折彦质,辟,0
宋濂,赵友同,学生为Y,0
郑若冲,楼钥,友,0
徐缙,毛纪,未知,0
范成大,陆游,书序由Y所作,0
曾肇,徐徽,友,0
陈造,陆游,书序由Y所作,0
文彦博,范祖禹,书序由Y所作,0
卫泾,高似孙,同年友,0
朱熹,石斗文,学生为Y,0
蒲宗孟,阳孝本,推荐,0
苏轼,钱世雄,学生为Y,0
谢翱,柳贯,学生为Y,0
钱可则,方逢辰,书序由Y所作,0
纪昀,窦光鼐,友,0
陈俊卿,曾跃鳞,欣赏器重,0
钱文子,魏了翁,书序由Y所作,0
留正,陈琦,辟,0
周敦颐,吴世延,欣赏器重,0
文彦博,李之纯,推荐,0
张栻,朱熹,书序由Y所作,0
曹泳,厉德斯,排挤,0
芮烨,周必大,书序由Y所作,0
柴中行,张宏,友,0
张纲,周必大,书序由Y所作,0
陈均,真德秀,书序由Y所作,0
周圻,赵抃,友,0
吴儆,汪楚材,欣赏器重,0
范祖禹,陈祥道,推荐,0
王安国,曾巩,书序由Y所作,0
杨愿,秦桧,支持,0
施昌言,陈湜,反对攻讦,0
邹浩,章惇,弹劾,0
韩琦,尹洙,支持,0
朱熹,王炎,友,0
陆九渊,傅梦泉,学生为Y,0
师浑甫,陆游,书序由Y所作,0
柳宗元,独孤申叔,友,0
朱察卿,冯迁,未知,0
徐谊,陈岩,学生为Y,0
晏殊,孔道辅,推荐,0
胡翰,宋濂,书序由Y所作,0
董邦达,纪昀,学生为Y,0
高斯得,贾似道,反对攻讦,0
王相,金履祥,友,0
范仲淹,邵炳,推荐,0
黄朴,黄涛,同年友,0
范纯仁,孙永,欣赏器重,0
杜衍,石介,推荐,0
林逋,释居昱,学生为Y,0
刘克庄,孙惟信,友,0
蔡襄,欧阳修,书序由Y所作,0
胡鉴,文天祥,学生为Y,0
杨万里,陈谦,推荐,0
钱大昕,吴烺,友,0
朱熹,吴棫,欣赏器重,0
邓牧,周密,友,0
刘涣,苏辙,书序由Y所作,0
周必大,尤袤,党魁为Y,0
胡瑗,吴孜,学生为Y,0
真德秀,郑梦协,友,0
何良俊,赵宽,未知,0
朱筠,汪德钺,欣赏器重,0
吕祖俭,张渭,学生为Y,0
钱大昕,段玉裁,友,0
吴思齐,贾似道,反对攻讦,0
叶适,张垓,学生为Y,0
石介,欧阳修,友,0
黄仲本,朱熹,友,0
胡安国,杨训,学生为Y,0
黄策,蔡京,反对攻讦,0
沈季长,曾巩,友,0
何景明,戴冠,学生为Y,0
王彦和,杨冠卿,友,0
李畋,张逵,同年友,0
莫俦,郑亿年,反对攻讦,0
许有壬,刘藻,推荐,0
蔡薿,李元亮,欣赏器重,0
杨万里,刘尧夫,推荐,0
钱大昕,钱维乔,友,0
陈襄,孙觉,门人为Y,0
全祖望,丁鹤年,欣赏器重,0
朱筠,武亿,友,0
王迈,方审权,友,0
李植,吕公著,友,0
段克己,吴澄,书序由Y所作,0
王苹,曾逮,学生为Y,0
陆九渊,舒璘,学生为Y,0
蔡京,赵挺之,推荐,0
唐庚,陈渊,书序由Y所作,0
段天祐,王袆,推荐,0
江纬,李处权,学生为Y,0
苏轼,王直方,友,0
蔡确,吴充,排挤,0
赵葵,林兴宗,推荐,0
袁毂,韩元吉,书序由Y所作,0
蔡京,温益,支持,0
曾布,傅楫,推荐,0
柳贯,龚开,友,0
刘琮,胡铨,书序由Y所作,0
张纲,邵炳,推荐,0
欧阳修,王安石,推荐,0
宋敏求,王安石,书序由Y所作,0
李洪,陈贵谦,书序由Y所作,0
孟珙,陈宗仁,推荐,0
魏了翁,李从周,欣赏器重,0
胡瑗,潘及甫,学生为Y,0
赵丙,司马光,书序由Y所作,0
詹体仁,周必大,友,0
司马光,楼钥,书序由Y所作,0
陈襄,吕惠卿,弹劾,0
王世贞,李梦阳,未知,0
李维桢,赵南星,未知,0
汪应辰,吕祖谦,学生为Y,0
王安中,权邦彦,推荐,0
张谷,欧阳修,书序由Y所作,0
陈襄,管师复,门人为Y,0
纪昀,戈源,同年友,0
胡瑗,翁升,学生为Y,0
王柏,金履祥,学生为Y,0
吕祖谦,吴儆,友,0
晏殊,范仲淹,门人为Y,0
颜度,朱熹,友,0
秦桧,辛次膺,排挤,0
王安石,龚原,学生为Y,0
吴潜,许复道,同年友,0
岳飞,宗泽,恩主是Y,0
黄端伯,文德翼,未知,0
彭耜,萧廷之,学生为Y,0
童冀,宋濂,书序由Y所作,0
范姝,周琼,友,0
王安石,吕公著,推荐,0
秦大士,纪昀,友,0
吴大有,贾似道,反对攻讦,0
李孝光,岑安卿,友,0
朱光庭,范祖禹,友,0
王钦若,刘忠顺,推荐,0
王伯庠,陆游,书序由Y所作,0
向子諲,楼钥,书序由Y所作,0
吕嘉问,章惇,与Y结党,0
叶绍翁,真德秀,友,0
胡安国,刘芮,学生为Y,0
丁谓,刘遁,友,0
陈祐,蔡卞,反对攻讦,0
林光朝,林用中,门人为Y,0
冯京,姚辟,同年友,0
陆经,欧阳修,友,0
文彦博,司马光,书序由Y所作,0
曾布,叶祖洽,推荐,0
叶适,戴栩,学生为Y,0
李觏,李山甫,门人为Y,0
岑象求,王安礼,弹劾,0
钱大昕,吴省钦,友,0
何良俊,严嵩,未知,0
陈宜中,贾似道,弹劾,0
陈垲,李曾伯,书序由Y所作,0
胡珵,杨万里,书序由Y所作,0
黄履,陆佃,弹劾,0
窦光鼐,纪昀,友,0
高闶,高材,学生为Y,0
周行己,左纬,友,0
朱敦儒,陆游,书序由Y所作,0
冯行己,司马光,书序由Y所作,0
陈襄,郑穆,友,0
刘克庄,史嵩之,反对攻讦,0
张方平,孙复,推荐,0
杨万里,王谦,推荐,0
张鼐,冯恩,未知,0
史浩,释宝昙,欣赏器重,0
朱熹,曾三聘,学生为Y,0
张无梦,种放,友,0
章惇,王安上,推荐,0
刘纶,纪昀,学生为Y,0
释元祐,黄庭坚,书序由Y所作,0
董俨,胡旦,与Y结党,0
袁昶,谭廷献,同年友,0
朱光庭,章惇,弹劾,0
章惇,安焘,友,0
萧德藻,杨万里,书序由Y所作,0
司马光,傅尧俞,欣赏器重,0
章惇,张商英,推荐,0
归淑芬,黄德贞,友,0
唐锦,屈伸,未知,0
宇文绍节,吴曦,反对攻讦,0
杨万里,刘应时,友,0
张栻,吴儆,友,0
王旦,黄仲通,推荐,0
张九成,陈之茂,欣赏器重,0
朱熹,黄卓,门人为Y,0
范仲淹,胡瑗,推荐,0
李黼,吴澄,书序由Y所作,0
蒋堂,秦观,书序由Y所作,0
游九言,朱晞颜,友,0
朱熹,陈易,门人为Y,0
丁偃,朱长文,同年友,0
葛敏修,苏轼,友,0
秦桧,陈桷,排挤,0
贾同,丁谓,弹劾,0
屠隆,王世懋,未知,0
范祖禹,晁说之,推荐,0
邓润甫,刘挚,支持,0
孟珙,李庭芝,辟,0
吕碧城,秋瑾,友,0
范祖禹,蔡肇,推荐,0
张问,司马光,书序由Y所作,0
宇文绍节,安丙,欣赏器重,0
范仲黼,邓谏从,学生为Y,0
赵雄,朱熹,反对攻讦,0
艾可翁,江万里,与Y结党,0
王安中,颜岐,推荐,0
李正民,杨愿,推荐,0
李燔,方暹,学生为Y,0
刘潜,石延年,友,0
余复,曾焕,同年友,0
范仲黼,虞刚简,友,0
丁大全,章琰,排挤,0
范祖禹,周行己,推荐,0
杨某,真德秀,书序由Y所作,0
欧阳修,章望之,推荐,0
林希,司马光,反对攻讦,0
许敦仁,蔡京,党魁为Y,0
释宗杲,释昙密,门人为Y,0
赵执信,宋弼,友,0
林希逸,林式之,门人为Y,0
苏轼,俞括,欣赏器重,0
吴芾,李之仪,书序由Y所作,0
李祥,赵汝愚,支持,0
钱明逸,范仲淹,弹劾,0
杨时,游酢,友,0
吕祖谦,王遇,学生为Y,0
范祖禹,游酢,推荐,0
钱惟演,寇准,排挤,0
王世桢,高凤翰,支持,0
黄履,吕大防,弹劾,0
李龟朋,楼钥,书序由Y所作,0
王绰,薛蒙,学生为Y,0
吕夷简,范仲淹,排挤,0
蒋之奇,胡宗愈,友,0
蒋堂,释惟政,友,0
邹浩,李大方,欣赏器重,0
洪迈,刘克庄,书序由Y所作,0
章惇,吕大忠,排挤,0
徐谊,汪莘,推荐,0
王益,王安石,书序由Y所作,0
程以谦,魏了翁,书序由Y所作,0
陈次升,曾布,反对攻讦,0
刘应时,杨万里,书序由Y所作,0
张栻,唐弼,辟,0
富弼,晁说之,书序由Y所作,0
徐存,郑雍,学生为Y,0
朱熹,孙应时,欣赏器重,0
刘弇,周必大,书序由Y所作,0
朱熹,吴彦夔,同年友,0
朱熹,陈思谦,欣赏器重,0
汪道昆,胡应麟,未知,0
冯去非,陈泷,学生为Y,0
宋褧,赵璧,欣赏器重,0
颜岐,吕希哲,恩主是Y,0
陈东,汪伯彦,反对攻讦,0
范冲,尹焞,推荐,0
刘安世,马永卿,学生为Y,0
陆九渊,刘尧夫,门人为Y,0
范坦,张商英,与Y结党,0
徐铎,丰稷,弹劾,0
纪昀,邵玉清,门人为Y,0
白子仪,范镇,友,0
欧阳修,杜衍,支持,0
秦桧,王之道,排挤,0
陈文烛,谢东山,未知,0
林师蒧,桑世昌,友,0
曹彦约,吴柔胜,同年友,0
何执中,王黼,推荐,0
郭子章,陈柏,未知,0
徐存,袁甫,书序由Y所作,0
王安石,舒亶,辟,0
蔡京,章縡,弹劾,0
胡伸,罗汝楫,欣赏器重,0
赵鼎,张戒,推荐,0
晏殊,孔道辅,学生为Y,0
王令,杜渐,友,0
李维,宋祁,书序由Y所作,0
赵鼎,蔡伸,党魁为Y,0
吕祖谦,时澜,学生为Y,0
蔡齐,宋祁,书序由Y所作,0
裘曰修,纪昀,友,0
方回,贾似道,弹劾,0
吴沆,楼钥,书序由Y所作,0
朱光庭,蔡确,弹劾,0
赵昌言,李沆,欣赏器重,0
范仲淹,尹洙,友,0
辛弃疾,刘克庄,书序由Y所作,0
丁宝臣,欧阳修,友,0
赵鼎,王大宝,学生为Y,0
袁枢,司马光,欣赏器重,0
叶适,林鼐,友,0
樊增祥,谭廷献,同年友,0
蒋士铨,秦大士,友,0
胡瑗,倪天隐,学生为Y,0
苏轼,秦观,欣赏器重,0
陈长方,胡峄,书序由Y所作,0
洪皓,秦桧,反对攻讦,0
钱世雄,杨时,书序由Y所作,0
王安礼,楼钥,书序由Y所作,0
梁颢,胡旦,与Y结党,0
陈抟,张无梦,学生为Y,0
滕塛,岳飞,欣赏器重,0
郑樵,杨兴宗,学生为Y,0
赵彦端,方翥,同年友,0
赵善应,张栻,书序由Y所作,0
邹浩,杨时,书序由Y所作,0
秦桧,高登,排挤,0
朱熹,林用中,门人为Y,0
黄干,何坚,学生为Y,0
王安石,王越石,同年友,0
尤袤,李纲,书序由Y所作,0
朱晞颜,戴栩,友,0
章楶,王兢,推荐,0
叶向高,朱国桢,友,0
曹彦约,吴柔胜,推荐,0
孙复,祖无择,门人为Y,0
朱熹,张栻,书序由Y所作,0
胡旦,董俨,与Y结党,0
朱熹,任希夷,学生为Y,0
余玠,方岳,友,0
朱熹,汪莘,欣赏器重,0
魏了翁,虞刚简,友,0
吕祖谦,魏了翁,书序由Y所作,0
朱熹,辛弃疾,友,0
黄庭坚,高荷,友,0
周必大,尤袤,与Y结党,0
王安石,李常,未知,0
尹焞,韩元吉,学生为Y,0
朱熹,王遇,学生为Y,0
刘季孙,黄庭坚,书序由Y所作,0
赵野,王黼,恩主是Y,0
郑獬,祖无择,支持,0
庞籍,蔡齐,恩主是Y,0
陈襄,江衍,门人为Y,0
张商英,范坦,与Y结党,0
姚月华,杨达,友,0
徐存,江泳,学生为Y,0
牟子才,文天祥,欣赏器重,0
许文蔚,余复,同年友,0
汤思退,秦桧,恩主是Y,0
张慎言,沈括,同年友,0
秦桧,刘子羽,排挤,0
杨时,李郁,门人为Y,0
尹焞,范淑,门人为Y,0
陈襄,李纲,书序由Y所作,0
李中,孔文仲,友,0
徐一夔,宋濂,书序由Y所作,0
龚颐正,吕存中,友,0
刘子羽,朱松,友,0
汪应辰,程敦厚,同年友,0
欧阳修,吕溱,推荐,0
吴琚,王大受,推荐,0
邓肃,李纲,支持,0
区仕衡,贾似道,反对攻讦,0
黄文莲,钱大昕,友,0
孙星衍,钱大昕,学生为Y,0
赵野,蔡京,恩主是Y,0
胡瑗,管师复,学生为Y,0
姜仲谦,陈与义,友,0
伯颜,朱清,辟,0
姜夔,单炜,友,0
司马光,皮公弼,弹劾,0
谢用宾,张栻,欣赏器重,0
朱熹,吴仁杰,学生为Y,0
林宪,李纲,书序由Y所作,0
钱藻,曾巩,书序由Y所作,0
杨万里,蔡戡,推荐,0
赵鼎,吕本中,欣赏器重,0
王淮,楼钥,书序由Y所作,0
木待问,傅伯寿,同年友,0
朱熹,黄卓,学生为Y,0
刘雄,徐铉,友,0
柳是,陈子龙,欣赏器重,0
张鼐,周思兼,未知,0
张方平,韦不伐,推荐,0
叶谨翁,许谦,友,0
章惇,赵彦若,排挤,0
吴思齐,方凤,友,0
贾似道,阮秀实,门人为Y,0
杨万里,郑郧,推荐,0
危素,徐一夔,推荐,0
杨维桢,张宪,学生为Y,0
周震,黄由,同年友,0
张栻,陈琦,学生为Y,0
颜岐,李纲,反对攻讦,0
董元度,纪昀,同年友,0
秦桧,陆升之,党魁为Y,0
张枢,叶谨翁,友,0
曹彦约,赵必愿,推荐,0
陆九渊,谢希孟,学生为Y,0
朱熹,郭磊卿,门人为Y,0
张镃,杨万里,书序由Y所作,0
余深,蔡京,恩主是Y,0
欧阳修,吕夷简,弹劾,0
董元度,李承芳,同年友,0
朱熹,魏了翁,书序由Y所作,0
韩世忠,陈桷,辟,0
范祖禹,张咸,推荐,0
萧燧,秦桧,反对攻讦,0
席汝言,司马光,书序由Y所作,0
范成大,杨万里,书序由Y所作,0
唐庚,任伯雨,未知,0
曹子方,秦观,书序由Y所作,0
任尽言,杨万里,书序由Y所作,0
黄铢,朱熹,书序由Y所作,0
陈棠,陆游,书序由Y所作,0
苏洵,任伋,友,0
范纯仁,张徽,友,0
王禹偁,李巽,友,0
王恽,杜仁杰,欣赏器重,0
蔡元定,丘崇,门人为Y,0
陈懿典,茅维,未知,0
真德秀,洪彦华,推荐,0
李昉,钱熙,欣赏器重,0
詹骙,常建,同年友,0
叶适,吴子良,学生为Y,0
宋弼,纪昀,友,0
翁挺,李纲,书序由Y所作,0
何郯,晁补之,书序由Y所作,0
张璧,顾鼎臣,未知,0
苏轼,陈辅,欣赏器重,0
楼郁,史诏,门人为Y,0
王恽,商挺,推荐,0
杨亿,章得象,推荐,0
刘炳,宋濂,书序由Y所作,0
吴遵路,范仲淹,友,0
张载,薛昌朝,门人为Y,0
苏轼,陆游,书序由Y所作,0
王陶,孙侔,推荐,0
刘挚,张方平,书序由Y所作,0
戴表元,袁桷,书序由Y所作,0
刘显,黄姬水,未知,0
邓林,朱熹,友,0
司马光,刘安世,学生为Y,0
岑安卿,危素,友,0
危素,释妙声,友,0
范仲淹,刘涣,友,0
富弼,苏颂,欣赏器重,0
刘鹗,吴澄,书序由Y所作,0
苏辙,韩缜,弹劾,0
魏了翁,范仲黼,友,0
李维桢,吴鼎芳,未知,0
陈刚中,秦桧,反对攻讦,0
王孙兰,毛奇龄,友,0
叶适,林栗,弹劾,0
苏轼,陈师锡,推荐,0
寇准,王次翁,书序由Y所作,0
汪应辰,查籥,推荐,0
申蕙,归淑芬,友,0
张咏,寇准,友,0
翁定,刘克庄,友,0
朱熹,朱震,欣赏器重,0
文同,员安舆,友,0
朱熹,杨与立,学生为Y,0
王恽,郝经,推荐,0
黄履,曾肇,弹劾,0
黄履,司马光,弹劾,0
孙何,丁谓,友,0
朱熹,陈梦良,门人为Y,0
曹学闵,纪昀,同年友,0
秦桧,翁蒙之,排挤,0
何良俊,张升,未知,0
黄鉴,宋庠,书序由Y所作,0
马亮,卢革,推荐,0
陈与义,姜仲谦,友,0
曾焕,余复,同年友,0
秦观,释道潜,欣赏器重,0
程瑀,吴敏,反对攻讦,0
何瑭,韩文,未知,0
黄溍,叶谨翁,友,0
范纯礼,司马光,恩主是Y,0
苏颂,崔唐臣,友,0
裘曰修,蒋士铨,推荐,0
方岳,余玠,友,0
董颖,朱熹,书序由Y所作,0
徐谊,陈傅良,友,0
赵匡胤,曾巩,书序由Y所作,0
王仲嶷,秦桧,恩主是Y,0
钱大昕,王昶,同年友,0
龚诩,陆世仪,未知,0
赵汝愚,杨方,辟,0
胡旦,卢多逊,反对攻讦,0
朱熹,程洵,门人为Y,0
钱大昕,袁枚,友,0
全祖望,赵一清,学生为Y,0
刘安世,杨万里,学生为Y,0
胡襄,朱熹,友,0
朱熹,马大同,友,0
陈与义,葛胜仲,书序由Y所作,0
释赞宁,苏易简,未知,0
朱熹,李作乂,欣赏器重,0
张四维,张居正,未知,0
戴亨,纪容舒,同年友,0
吕惠卿,郏亶,弹劾,0
邓林,辛弃疾,友,0
韩琦,苏洵,推荐,0
李植,司马光,恩主是Y,0
何良俊,顾璘,未知,0
方凤,柳贯,学生为Y,0
王安石,徐九思,排挤,0
孔道辅,刘涣,友,0
吴思齐,吴谦,友,0
陈瓘,蔡京,反对攻讦,0
李壁,魏了翁,书序由Y所作,0
毛幵,张嵲,书序由Y所作,0
米芾,李甲,欣赏器重,0
秦桧,娄寅亮,排挤,0
晏敦复,范柔中,推荐,0
林俊,陈烓,未知,0
苏轼,欧阳经,推荐,0
张潞,刘克庄,书序由Y所作,0
戚纶,张君房,推荐,0
黄震,唐震,友,0
邓润甫,吕大防,支持,0
叶适,陈傅良,推荐,0
杨万里,赵像之,推荐,0
顾鼎臣,顾可久,未知,0
何良俊,崔铣,未知,0
谢景温,苏轼,弹劾,0
徐逸,朱熹,友,0
方孝孺,宋濂,书序由Y所作,0
蔡京,贾公望,排挤,0
吕溱,陈执中,反对攻讦,0
吕祖谦,石斗文,学生为Y,0
范祖禹,朱光庭,友,0
范祖禹,陈沂,推荐,0
赵鼎,周必大,书序由Y所作,0
吕希哲,汪革,门人为Y,0
危稹,袁桷,未知,0
柳贯,戴表元,未知,0
胡如埙,蔡京,弹劾,0
王正己,楼钥,书序由Y所作,0
王世贞,喻均,未知,0
叶适,陈韡,学生为Y,0
李公麟,李冲元,友,0
石介,韩琦,书序由Y所作,0
韩维,韩元吉,书序由Y所作,0
林景熙,王英孙,友,0
吕陶,韩缜,弹劾,0
杨简,陈埙,学生为Y,0
胥偃,欧阳修,欣赏器重,0
奚商衡,萧国梁,同年友,0
苏辙,吕惠卿,反对攻讦,0
张徽,范纯仁,友,0
秦桧,李弥逊,排挤,0
柳贯,戴良,学生为Y,0
王安石,章惇,欣赏器重,0
张浚,李良臣,辟,0
范祖禹,司马槱,推荐,0
韩琦,强至,书序由Y所作,0
仲并,周必大,书序由Y所作,0
林石,沈躬行,学生为Y,0
文彦博,王钦臣,推荐,0
欧阳修,苏轼,书序由Y所作,0
苏轼,黄庭坚,门人为Y,0
王之望,王十朋,学生为Y,0
朱熹,邓林,友,0
杨万里,萧德藻,推荐,0
杨万里,祝禹圭,推荐,0
程颐,胡铨,书序由Y所作,0
司马光,李寿朋,推荐,0
真德秀,宋自适,欣赏器重,0
黄庭坚,李冲元,友,0
施大任,葛书思,同年友,0
韩愈,张籍,学生为Y,0
范仲淹,王质,友,0
傅楫,陈高,推荐,0
胡寅,韩璜,友,0
张嵲,王铚,推荐,0
李承芳,董元度,同年友,0
欧阳修,丁宝臣,推荐,0
廉布,陆游,书序由Y所作,0
董其昌,陈继儒,友,0
毛维瞻,苏辙,友,0
吕大防,赵旸,推荐,0
马思赞,朱彝尊,友,0
苏轼,刘庭式,欣赏器重,0
王安石,刘挚,欣赏器重,0
祖无择,孙复,推荐,0
朱彝尊,马思赞,友,0
赵汝愚,欧阳光祖,推荐,0
寇准,范雍,书序由Y所作,0
李孝先,陆游,书序由Y所作,0
程颐,许景衡,学生为Y,0
纪昀,曹学闵,同年友,0
邵伯温,赵鼎,学生为Y,0
娄机,楼钥,书序由Y所作,0
文彦博,周锷,欣赏器重,0
杨朴,王十朋,同年友,0
范浚,范端杲,学生为Y,0
王恽,许衡,推荐,0
张方平,马默,推荐,0
吕及之,冯时行,友,0
释惟政,蒋堂,友,0
王安石,魏了翁,书序由Y所作,0
郑大惠,杜范,友,0
韩琦,苏颂,推荐,0
朱熹,王宾,推荐,0
苏辙,周必大,书序由Y所作,0
范仲淹,张问,推荐,0
高俨,李釜,同年友,0
周京,贾似道,反对攻讦,0
郑獬,王得臣,学生为Y,0
马世奇,顾宪成,未知,0
黄裳,范仲淹,欣赏器重,0
周敦颐,程颐,学生为Y,0
许谦,卫富益,学生为Y,0
李冲元,黄庭坚,友,0
朱熹,傅伯寿,门人为Y,0
陈襄,司马光,推荐,0
许有壬,吴炳,推荐,0
杨简,叶祐之,学生为Y,0
虞集,陈樵,欣赏器重,0
朱熹,李大同,学生为Y,0
姚希孟,赵南星,未知,0
曾致尧,曾巩,书序由Y所作,0
朱国桢,叶向高,友,0
蔡京,孙谔,弹劾,0
林遹,刘克庄,欣赏器重,0
程颢,胡宏,书序由Y所作,0
李谔,石待问,欣赏器重,0
曾几,李商叟,学生为Y,0
朱熹,滕璘,门人为Y,0
朱熹,刘砺,学生为Y,0
田昼,邹浩,友,0
唐仲友,叶秀发,学生为Y,0
张咏,李畋,欣赏器重,0
朱熹,钟震,门人为Y,0
曹冠,秦桧,党魁为Y,0
朱筠,胡绍鼎,同年友,0
欧阳修,陆经,友,0
胡珵,秦桧,反对攻讦,0
叶适,林栗,反对攻讦,0
李清臣,李昭玘,推荐,0
李弥逊,楼钥,书序由Y所作,0
孙觉,陈襄,门人为Y,0
吴与,张商英,友,0
郭贽,陈越,推荐,0
宗泽,刘克庄,书序由Y所作,0
李防,晏殊,推荐,0
吕祖谦,许文蔚,学生为Y,0
陈轩,王格,友,0
王旦,周必大,书序由Y所作,0
周敦颐,朱熹,书序由Y所作,0
王安石,刘泾,推荐,0
胡安国,尹焞,推荐,0
李冲元,李公麟,友,0
苏轼,朱服,学生为Y,0
汪革,刘克庄,书序由Y所作,0
綦崇礼,郑作肃,推荐,0
陈舜俞,楼钥,书序由Y所作,0
高绅,徐铉,友,0
刘子翚,朱熹,学生为Y,0
刘攽,李植,欣赏器重,0
马光祖,张显,推荐,0
袁燮,章焕,学生为Y,0
宋绶,晁补之,书序由Y所作,0
黄祖舜,秦桧,支持,0
蔡薿,李百药,同年友,0
林之奇,李涛,友,0
萧振,吕本中,弹劾,0
黄宗羲,万斯选,学生为Y,0
黄履,刘挚,弹劾,0
梅文鼎,李光地,恩主是Y,0
秦桧,曹泳,支持,0
崔与之,宋诩,推荐,0
真德秀,周云,推荐,0
宋濂,刘刚,学生为Y,0
陈琰,丁谓,反对攻讦,0
韩琦,陈荐,推荐,0
杨万里,朱熹,推荐,0
王柏,陈天瑞,学生为Y,0
秦桧,赵令衿,排挤,0
苏易简,释赞宁,未知,0
陈次升,蔡卞,弹劾,0
刘子翚,欧阳光祖,门人为Y,0
王祖道,蔡京,支持,0
田昼,邹浩,书序由Y所作,0
吕祖俭,赵汝愚,支持,0
张所,汪伯彦,弹劾,0
何中,吴澄,书序由Y所作,0
刘基,宋濂,书序由Y所作,0
朱熹,陈邦钥,门人为Y,0
赵汝腾,李宗勉,欣赏器重,0
朱熹,汪楚材,欣赏器重,0
王苹,章宪,学生为Y,0
陈俊卿,魏了翁,书序由Y所作,0
陈次升,章惇,弹劾,0
黄宗羲,万斯备,学生为Y,0
张元干,蔡戡,书序由Y所作,0
邹浩,刘定,反对攻讦,0
陈居仁,郑若冲,友,0
洪适,米友仁,未知,0
欧阳修,王回,推荐,0
权邦彦,吕颐浩,支持,0
吴承恩,谢丕,未知,0
张栻,范仲黼,学生为Y,0
王安石,求仲弓,友,0
徐清叟,袁甫,弹劾,0
种放,高弁,学生为Y,0
李之纯,苏轼,支持,0
胡瑗,张坚,学生为Y,0
蔡京,石公弼,排挤,0
潘兴嗣,王安石,友,0
朱熹,李经,欣赏器重,0
高弁,石延年,门人为Y,0
丁谓,王钦若,与Y结党,0
梅尧臣,欧阳修,友,0
朱熹,欧阳谦之,学生为Y,0
苏庠,陈序,学生为Y,0
王安石,谢景温,友,0
晏殊,李宗易,友,0
董槐,方暹,推荐,0
王宗沐,王世贞,友,0
李纲,蔡载,辟,0
方大琮,马光祖,欣赏器重,0
苏轼,王诜,友,0
黄岩孙,刘克庄,书序由Y所作,0
胡瑗,王观,门人为Y,0
许复道,吴潜,同年友,0
陈韡,真德秀,书序由Y所作,0
范成大,张潞,学生为Y,0
葛胜仲,孙觌,书序由Y所作,0
岳珂,阮秀实,门人为Y,0
王世贞,王士性,未知,0
蔡戡,方信孺,推荐,0
纪昀,陈鹤,门人为Y,0
朱熹,赵善坚,欣赏器重,0
胡景裕,范仲淹,友,0
朱熹,黄仲本,友,0
张九成,李宾,学生为Y,0
王苹,杨邦弼,学生为Y,0
杨万里,陈宇,推荐,0
虔礼宝,纪昀,友,0
彭仲刚,李纲,书序由Y所作,0
刘安世,王子韶,反对攻讦,0
朱熹,叶味道,门人为Y,0
葛书思,施大任,同年友,0
朱熹,李文,门人为Y,0
徐学谟,吴时来,未知,0
陈东,魏了翁,书序由Y所作,0
洪咨夔,薛极,弹劾,0
杨简,孙伯温,学生为Y,0
虞允文,王质,推荐,0
陈著,赵炎,学生为Y,0
黄干,何基,学生为Y,0
朱熹,欧阳光祖,门人为Y,0
李直方,丁谓,恩主是Y,0
朱筠,钱大昕,同年友,0
徐积,马存,学生为Y,0
吕祖谦,杜旟,门人为Y,0
叶适,王象祖,学生为Y,0
朱熹,窦从周,学生为Y,0
程颐,沈躬行,学生为Y,0
司马光,李周,推荐,0
吴势卿,贾似道,支持,0
郭忠恕,薛季宣,书序由Y所作,0
吴处厚,蔡确,反对攻讦,0
张衮,薛章宪,未知,0
洪遵,周必大,书序由Y所作,0
张铸,王安石,门人为Y,0
欧阳玄,陈樵,欣赏器重,0
包恢,陈凤,学生为Y,0
何良俊,徐祯卿,未知,0
纪昀,裘曰修,友,0
王安中,李邴,书序由Y所作,0
林泳,刘克庄,书序由Y所作,0
周寿,黄裳,同年友,0
綦崇礼,杨万里,书序由Y所作,0
程叔达,杨万里,书序由Y所作,0
王安石,钱景谌,排挤,0
吕祖俭,赵汝愚,党魁为Y,0
宋濂,苏伯衡,推荐,0
赵抃,毛维瞻,友,0
冯时行,于格,友,0
李复圭,王安石,恩主是Y,0
章颖,赵汝愚,支持,0
韩琦,王陶,推荐,0
陈傅良,邓林,友,0
阮元,张熙,学生为Y,0
王安石,叶涛,学生为Y,0
陆九龄,刘尧夫,门人为Y,0
徐经孙,刘克庄,书序由Y所作,0
章惇,蔡卞,与Y结党,0
张方平,刘挚,书序由Y所作,0
杨万里,曹冠,同年友,0
章颖,张淏,推荐,0
危素,王袆,推荐,0
刘清之,赵蕃,学生为Y,0
张浚,仲并,推荐,0
王钦若,夏竦,与Y结党,0
王直方,苏轼,友,0
曹勋,楼钥,书序由Y所作,0
叶适,刘克逊,欣赏器重,0
刘承弼,周必大,书序由Y所作,0
刘子羽,朱熹,学生为Y,0
胡松年,孙觌,友,0
赵构,张嵲,书序由Y所作,0
徐学谟,唐顺之,未知,0
郑侠,黄祖舜,书序由Y所作,0
王磐,魏初,推荐,0
王安石,石赓,推荐,0
范祖禹,赵㞦,推荐,0
俞汝尚,赵抃,友,0
常建,詹骙,同年友,0
赵汝腾,李仲光,欣赏器重,0
范仲淹,蔡挺,推荐,0
叶适,黄㽦,欣赏器重,0
朱熹,吴儆,友,0
楼钥,郑若冲,友,0
赵翼,钱大昕,友,0
马祖常,袁裒,书序由Y所作,0
朱熹,张阐,欣赏器重,0
任伯雨,唐庚,未知,0
曾肇,吕南公,推荐,0
杨万里,刘德秀,推荐,0
赵溍,贾似道,恩主是Y,0
文彦博,范育,推荐,0
员安舆,苏洵,友,0
许有壬,陈绎曾,推荐,0
米芾,周必大,未知,0
丁谓,陶弼,欣赏器重,0
欧阳修,胡瑗,推荐,0
傅伯成,李訦,友,0
鲁宗道,李渭,欣赏器重,0
吴潜,钱大有,学生为Y,0
苏轼,晁咏之,欣赏器重,0
朱熹,王汉,门人为Y,0
窦仪,宋白,推荐,0
张杰,朱熹,友,0
折彦质,赵鼎,恩主是Y,0
蔡戡,刘清之,推荐,0
真德秀,辛次膺,欣赏器重,0
朱长文,丁偃,同年友,0
王安石,吕公弼,排挤,0
吴当,李黼,欣赏器重,0
陈襄,傅楫,门人为Y,0
李清臣,吕颐浩,推荐,0
范纯仁,朱光庭,推荐,0
黄庭坚,晁载之,推荐,0
欧阳修,周必大,书序由Y所作,0
杨时,陈亮,书序由Y所作,0
范祖禹,李传,推荐,0
高斯得,范宗尹,欣赏器重,0
洪炎,刘克庄,书序由Y所作,0
何宏中,元好问,友,0
陈璚,陈仁锡,同年友,0
吕祖谦,宋天则,学生为Y,0
刘棠,余复,同年友,0
李丙,吕祖谦,书序由Y所作,0
方岳,贾似道,反对攻讦,0
范仲淹,欧阳修,推荐,0
李冲元,洪朋,友,0
胡铨,邓洵美,学生为Y,0
李承芳,纪昀,同年友,0
王秬,魏了翁,书序由Y所作,0
蒋曰纶,纪昀,友,0
解缙,王称,欣赏器重,0
罗点,魏了翁,书序由Y所作,0
朱熹,刘炎,门人为Y,0
刘矩,刘克庄,书序由Y所作,0
楼钥,杨简,推荐,0
桑世昌,楼钥,书序由Y所作,0
陶宗仪,宋濂,书序由Y所作,0
文彦博,程珦,欣赏器重,0
汪应辰,章颖,学生为Y,0
胡铨,施峻,学生为Y,0
戈源,纪昀,同年友,0
郑真,留梦炎,欣赏器重,0
范祖禹,苏坚,推荐,0
胡宪,朱熹,学生为Y,0
李中,孔平仲,友,0
秦桧,王珏,党魁为Y,0
洪适,魏了翁,书序由Y所作,0
黄由,周震,同年友,0
袁枢,杨万里,书序由Y所作,0
周必大,李塾,推荐,0
范仲淹,韩琦,书序由Y所作,0
吕祖谦,孙应时,学生为Y,0
袁燮,袁甫,书序由Y所作,0
揆叙,马思赞,友,0
朱熹,谢琎,学生为Y,0
王岩,赵湘,书序由Y所作,0
叶适,赵汝铎,学生为Y,0
何中,李畋,友,0
陈傅良,朱黼,学生为Y,0
柳贯,牟应龙,友,0
赵昌言,王旦,欣赏器重,0
钱大昕,王鸣盛,友,0
曹仁虎,钱大昕,友,0
韩元吉,朱熹,推荐,0
张鼐,冯行可,未知,0
蔡京,赵野,支持,0
余中,丁注,同年友,0
吕惠卿,李师中,排挤,0
林栗,陈士楚,友,0
吴秉信,秦桧,反对攻讦,0
杜范,车若水,门人为Y,0
叶翥,张孝祥,同年友,0
洪兴祖,张炳,同年友,0
张伯常,袁甫,友,0
赵雄,孙松寿,欣赏器重,0
司马光,黄中庸,推荐,0
石延年,刘潜,友,0
汪应辰,尤袤,推荐,0
秦桧,李光,排挤,0
陈襄,苏轼,推荐,0
蔡京,刘安世,反对攻讦,0
王安石,赵鼎臣,友,0
陈俞,文天祥,恩主是Y,0
葛敏修,黄庭坚,友,0
范仲淹,李师中,推荐,0
吕公著,张琳,弹劾,0
赵顼,王安石,支持,0
薛田,魏野,友,0
陈仁锡,王锡爵,未知,0
王恽,杨文郁,推荐,0
程颢,王苹,学生为Y,0
吕祖谦,徐侃,学生为Y,0
赵构,秦桧,欣赏器重,0
王霁,蔡京,弹劾,0
洪焱祖,唐桂芳,学生为Y,0
元好问,何宏中,友,0
张溥,王锡爵,未知,0
彭汝砺,曾肇,书序由Y所作,0
邹应龙,赵至道,同年友,0
陈著,贾似道,反对攻讦,0
朱熹,刘尧夫,门人为Y,0
徐经孙,厉文翁,弹劾,0
程颐,杨时,书序由Y所作,0
翁定,刘克庄,书序由Y所作,0
康与之,秦桧,恩主是Y,0
李纲,张所,推荐,0
贾似道,方回,未知,0
秦桧,王庶,排挤,0
张纲,洪迈,书序由Y所作,0
秦桧,张嵲,书序由Y所作,0
何基,王侃,学生为Y,0
韩琦,石介,推荐,0
石介,何群,学生为Y,0
林颜,蔡卞,恩主是Y,0
蔡京,吕惠卿,排挤,0
霍韬,霍与瑕,未知,0
朱熹,赵师恕,门人为Y,0
胡旦,赵普,反对攻讦,0
石介,李常,门人为Y,0
陈洙,司马光,支持,0
陈从古,杨万里,书序由Y所作,0
孙沔,吕夷简,反对攻讦,0
刘安世,胡宗愈,反对攻讦,0
刘巨,苏辙,学生为Y,0
程颢,朱熹,书序由Y所作,0
乐史,刘师道,推荐,0
郝经,韩希孟,欣赏器重,0
苏辙,章惇,弹劾,0
李治,元好问,书序由Y所作,0
胡安国,胡宪,学生为Y,0
虞允文,邓深,欣赏器重,0
孔夷,李廌,友,0
胡寅,魏了翁,书序由Y所作,0
杨徽之,寇准,反对攻讦,0
王旦,张师德,反对攻讦,0
朱胜非,秦桧,反对攻讦,0
贾似道,陈文龙,排挤,0
张孝祥,韩元吉,书序由Y所作,0
杨时,罗从彦,门人为Y,0
许复道,胡楚材,学生为Y,0
刘安上,蔡京,弹劾,0
宋弼,高凤翰,友,0
丰稷,徐铎,弹劾,0
吴宽,胡瑗,欣赏器重,0
王嗣宗,张维,推荐,0
吕祖谦,徐安国,学生为Y,0
吴烺,钱大昕,友,0
陆九渊,杨简,学生为Y,0
真德秀,宋自道,欣赏器重,0
蔡京,章惇,党魁为Y,0
黄补,陈鹏飞,学生为Y,0
徐学谟,谢丕,未知,0
王世贞,瞿景淳,未知,0
欧阳修,石介,友,0
朱右,宋濂,书序由Y所作,0
李燧,杨万里,书序由Y所作,0
蔡京,章惇,支持,0
钱大昕,胡绍鼎,同年友,0
沈括,张慎言,同年友,0
陈士楚,林栗,友,0
陈康伯,史正志,推荐,0
张垓,陈亮,支持,0
陆经,周必大,书序由Y所作,0
尹焞,王时敏,学生为Y,0
朱熹,杜知仁,门人为Y,0
尹洙,范仲淹,友,0
朱熹,吴寿昌,门人为Y,0
吴雯,刘果实,友,0
陈师道,寇国宝,学生为Y,0
郑若冲,陈居仁,友,0
周必大,曾觌,反对攻讦,0
王安石,薛利和,排挤,0
陈渊,郑亿年,弹劾,0
范镇,宇文之邵,欣赏器重,0
黄艾,朱熹,支持,0
晏殊,欧阳修,推荐,0
莫济,张说,支持,0
蒲宗孟,吕惠卿,支持,0
张升,范纯仁,书序由Y所作,0
辅广,董槐,学生为Y,0
虞策,苏轼,弹劾,0
杨万里,韩璧,推荐,0
张栻,欧阳光祖,推荐,0
邓林,陈傅良,友,0
苏轼,魏了翁,书序由Y所作,0
李维桢,吴国伦,未知,0
陈亮,杜旃,欣赏器重,0
王素,苏轼,书序由Y所作,0
张栻,刘克庄,书序由Y所作,0
真德秀,陈均,学生为Y,0
程颢,沈躬行,学生为Y,0
李承之,王兢,辟,0
张翥,释妙声,友,0
张栻,张巽,学生为Y,0
蔡京,王霁,排挤,0
朱熹,徐侨,学生为Y,0
李侗,朱熹,学生为Y,0
朱熹,王阮,欣赏器重,0
王安石,陈辅,学生为Y,0
鹿何,楼钥,书序由Y所作,0
孙复,张洞,门人为Y,0
程颢,程颐,书序由Y所作,0
柳开,高本,门人为Y,0
张九成,陈之茂,同年友,0
徐霖,史嵩之,反对攻讦,0
张载,吕大钧,学生为Y,0
杜衍,雷简夫,推荐,0
蔡戡,胡槻,推荐,0
李焘,吕祖谦,推荐,0
薛奎,范仲淹,支持,0
杨万里,唐人鉴,欣赏器重,0
仲讷,欧阳修,书序由Y所作,0
刘拯,李之纯,弹劾,0
王昶,刘纶,友,0
洪兴祖,秦桧,反对攻讦,0
赵汝愚,吴琚,与Y结党,0
许谦,张枢,友,0
郑梦协,真德秀,友,0
王厚之,林师蒧,友,0
谢枋得,许月卿,欣赏器重,0
谭廷献,董沛,同年友,0
谢景温,章惇,支持,0
曾布,吕惠卿,排挤,0
张贵谟,郑侨,同年友,0
刘芮,杨万里,书序由Y所作,0
元明善,吴澄,书序由Y所作,0
徐经孙,陆德舆,弹劾,0
陈渊,杨时,书序由Y所作,0
留梦炎,高斯得,排挤,0
石介,宋宏,学生为Y,0
鲍廷博,钱大昕,未知,0
陈师锡,陈瓘,与Y结党,0
张正己,张觉民,学生为Y,0
陈颢,张璪,同年友,0
陆九龄,吕祖谦,友,0
周敦颐,程颢,学生为Y,0
章得象,杨亿,欣赏器重,0
赵匡胤,王晋卿,欣赏器重,0
林鼐,叶适,友,0
吴遵路,韩退,欣赏器重,0
朱熹,刘源,门人为Y,0
朱熹,宋之源,门人为Y,0
文天祥,赵文,门人为Y,0
陈良翰,汤思退,弹劾,0
陈藻,刘克庄,书序由Y所作,0
秦桧,岳霖,反对攻讦,0
桑世昌,陆游,书序由Y所作,0
黄履,章惇,支持,0
吕嘉问,蔡卞,与Y结党,0
林震,林敏功,推荐,0
刘锜,张椿,辟,0
庞籍,司马光,书序由Y所作,0
王安石,林积,欣赏器重,0
程俱,叶梦得,书序由Y所作,0
谢深甫,蔡元定,支持,0
王向,曾巩,书序由Y所作,0
张九成,汪应辰,学生为Y,0
崔唐臣,苏颂,友,0
赵葵,梅应春,推荐,0
李纲,薛弼,与Y结党,0
陈与义,周莘,友,0
钱大昕,严长明,友,0
黄溍,王袆,学生为Y,0
柳开,张景,门人为Y,0
高元之,周必大,书序由Y所作,0
王安石,饶竦,友,0
叶谨翁,张枢,友,0
闻人安道,苏轼,友,0
胡宪,张浚,支持,0
王希吕,张说,弹劾,0
晁迥,黄敏求,欣赏器重,0
林景熙,方逢辰,书序由Y所作,0
苏轼,毛滂,推荐,0
姚勉,方逢辰,书序由Y所作,0
危稹,袁桷,书序由Y所作,0
张方平,杜充,推荐,0
傅崧卿,陆游,书序由Y所作,0
杜范,尹焕,推荐,0
赵汝愚,赵汝谈,党魁为Y,0
张纲,秦桧,恩主是Y,0
吕颐浩,李光,排挤,0
郭忠恕,王士元,友,0
陆九渊,李伯敏,门人为Y,0
吴充,司马光,支持,0
薛素素,李因,友,0
吕公著,李植,友,0
释妙声,张翥,友,0
傅子云,吴澄,书序由Y所作,0
赵令衿,张浚,支持,0
陈旸,杨万里,书序由Y所作,0
刘宰,江溥,未知,0
张商英,吴与,友,0
闻人滋,程迥,学生为Y,0
晁说之,司马光,欣赏器重,0
陆九渊,包恢,学生为Y,0
吕惠卿,孙觌,书序由Y所作,0
纪容舒,戴亨,同年友,0
秦桧,董德元,未知,0
郑霖,李演,学生为Y,0
吕本中,刘克庄,书序由Y所作,0
吕祖谦,时沄,学生为Y,0
陈以庄,刘克庄,书序由Y所作,0
刘涣,范仲淹,友,0
秦桧,王赏,排挤,0
魏了翁,吕夷简,欣赏器重,0
张鼐,何良俊,未知,0
饶竦,王安石,友,0
虞俦,陈贵谊,书序由Y所作,0
王次翁,秦桧,恩主是Y,0
欧阳守道,宋无,学生为Y,0
晁端中,周行己,书序由Y所作,0
张扩,吕本中,友,0
袁桷,释妙声,友,0
李直方,陈樵,学生为Y,0
刘攽,王觌,推荐,0
张士逊,宋祁,书序由Y所作,0
方岳,吴龙翰,门人为Y,0
周世选,毛澄,未知,0
高似孙,卫泾,同年友,0
何基,倪公武,学生为Y,0
姚希孟,王鏊,未知,0
魏了翁,洪咨夔,友,0
魏掞之,王安石,反对攻讦,0
朱熹,陈宓,门人为Y,0
吕祖谦,唐季度,学生为Y,0
张栻,王遇,学生为Y,0
张宏,柴中行,友,0
黄溍,陈樵,欣赏器重,0
范仲淹,胡景裕,友,0
王拱辰,司马光,书序由Y所作,0
李溥,丁谓,恩主是Y,0
张栻,吴伦,门人为Y,0
吕希哲,饶节,学生为Y,0
黄崇嘏,周庠,欣赏器重,0
王昶,钱大昕,同年友,0
郑穆,陈襄,友,0
张吉甫,王安石,恩主是Y,0
虞允文,周必大,推荐,0
游酢,杨时,友,0
丁伯桂,韩休,反对攻讦,0
夏竦,田况,辟,0
陈琦,韩琦,欣赏器重,0
戴良,宋濂,书序由Y所作,0
范祖禹,冯山,推荐,0
王汶,王铚,书序由Y所作,0
李师中,苏轼,支持,0
秋瑾,吕碧城,友,0
毛维瞻,赵抃,友,0
吕希哲,汪莘,门人为Y,0
朱熹,刘栋,门人为Y,0
王安石,崔公度,辟,0
纪昀,李承芳,同年友,0
苏辙,施大任,友,0
林亦之,刘克庄,书序由Y所作,0
吕颐浩,成无玷,推荐,0
汪应辰,张杰,学生为Y,0
柳贯,胡之纯,友,0
强至,曾巩,书序由Y所作,0
纪昀,虔礼宝,友,0
赵汝愚,樊汉广,推荐,0
林逋,释智圆,友,0
贾似道,许月卿,排挤,0
程颐,杨时,学生为Y,0
释克文,苏辙,书序由Y所作,0
文天祥,牟子才,友,0
朱熹,滕璘,学生为Y,0
司马光,徐九思,与Y结党,0
王安石,蔡肇,学生为Y,0
朱熹,蔡元定,友,0
林希逸,傅梦泉,友,0
赵善坚,张淏,推荐,0
钱明逸,贾昌朝,恩主是Y,0
吕祖谦,李泳,学生为Y,0
杨简,刘厚南,推荐,0
徐谊,陈傅良,同年友,0
徐学谟,陈言,未知,0
苏嘉,苏轼,友,0
范仲淹,李宗易,推荐,0
谢誉,朱熹,书序由Y所作,0
汪道昆,王世贞,未知,0
张觷,杨时,推荐,0
杨达,姚月华,友,0
邢恕,章惇,恩主是Y,0
楼炤,蔡京,恩主是Y,0
胡铨,王端朝,门人为Y,0
赵淮,李庭芝,欣赏器重,0
刘述,释怀贤,推荐,0
韩琦,尹洙,欣赏器重,0
宋祁,宋咸,同年友,0
黄钧,张孝祥,同年友,0
施德操,张九成,友,0
徐九思,司马光,与Y结党,0
秦桧,陈俊卿,排挤,0
赵汝腾,王迈,推荐,0
石延年,欧阳修,书序由Y所作,0
杨辅,杨巨源,支持,0
陈震,何基,学生为Y,0
苏轼,徐大正,友,0
晏几道,黄庭坚,书序由Y所作,0
庞籍,李师中,推荐,0
程骧,李石,友,0
蔡京,陈次升,排挤,0
蔡元定,朱熹,书序由Y所作,0
钱大昕,赵翼,友,0
朱熹,任忠厚,门人为Y,0
刘挚,刘安世,书序由Y所作,0
李觏,黄曦,门人为Y,0
蔡元定,丘崇,欣赏器重,0
鲁宗道,戚纶,恩主是Y,0
秦桧,吴表臣,排挤,0
吴师道,许谦,推荐,0
苏轼,胡伸,欣赏器重,0
李觏,曾巩,门人为Y,0
朱熹,陈范,门人为Y,0
徐铉,刘雄,友,0
魏大中,魏大中,未知,0
李釜,高俨,同年友,0
释法清,曾开,友,0
宋濂,张孟兼,未知,0
朱熹,陈埴,门人为Y,0
钱公辅,查深,推荐,0
谭廷献,袁昶,同年友,0
张浚,尹焞,推荐,0
张鼐,陆树声,未知,0
纪昀,蔡新,欣赏器重,0
廖德明,杨万里,推荐,0
真德秀,陈昉,推荐,0
姚勉,刘元高,友,0
虞允文,赵思,推荐,0
吕嘉问,蔡卞,恩主是Y,0
张九成,孙雄飞,同年友,0
查慎行,马思赞,友,0
李光,胡直孺,弹劾,0
牟子才,贾似道,反对攻讦,0
赵佶,徐兢,欣赏器重,0
释元聪,楼钥,书序由Y所作,0
戴表元,周密,书序由Y所作,0
姚勔,范纯仁,恩主是Y,0
马扩,王昂,同年友,0
朱熹,彭蠡,学生为Y,0
苏舜钦,欧阳修,书序由Y所作,0
张浚,何佾,推荐,0
李昂,郑玠,欣赏器重,0
赵善括,杨万里,书序由Y所作,0
薛季宣,陈傅良,学生为Y,0
米友仁,洪适,未知,0
韩缜,章惇,反对攻讦,0
郑樵,吴与,欣赏器重,0
钱大昕,黄丕烈,友,0
吕祖谦,陆九龄,友,0
韩元吉,傅自得,推荐,0
刘韐,张嵲,书序由Y所作,0
曾布,叶涛,推荐,0
苏京,邹浩,书序由Y所作,0
黄干,饶鲁,学生为Y,0
杨愿,周必大,书序由Y所作,0
张炳,洪兴祖,同年友,0
王世贞,王宗沐,友,0
张载,李复,学生为Y,0
范成大,何松,推荐,0
陆世仪,龚诩,未知,0
朱熹,魏掞之,友,0
晁端友,苏轼,书序由Y所作,0
朱熹,刘子寰,门人为Y,0
释圆玑,邹浩,书序由Y所作,0
杨天惠,郑少微,同年友,0
孙复,范仲淹,恩主是Y,0
邹浩,王回,友,0
杜衍,马遵,欣赏器重,0
罗愿,宋濂,书序由Y所作,0
江万里,詹本,推荐,0
戴震,钱大昕,友,0
张图南,何藗,友,0
真德秀,李茂先,欣赏器重,0
曾巩,朱熹,书序由Y所作,0
赵湘,宋祁,书序由Y所作,0
彭元瑞,蒋士铨,推荐,0
真德秀,叶绍翁,友,0
尤袤,杨万里,书序由Y所作,0
蔡卞,吕嘉问,与Y结党,0
韩琦,强至,推荐,0
薛田,司马光,书序由Y所作,0
刘正夫,范致虚,同年友,0
范成大,孙松寿,欣赏器重,0
徐常,陈襄,友,0
李昴英,史嵩之,弹劾,0
曾三聘,赵汝愚,支持,0
左纬,许景衡,友,0
纪昀,董元度,同年友,0
张嗣古,张淏,推荐,0
杨炳,李訦,友,0
韩元吉,崔敦诗,推荐,0
何基,何子举,学生为Y,0
胡安国,胡襄,学生为Y,0
李百药,蔡薿,同年友,0
张纮,程戡,恩主是Y,0
范浚,范端臣,学生为Y,0
王巩,苏轼,书序由Y所作,0
叶谨翁,黄溍,友,0
孙复,范纯仁,门人为Y,0
张鼐,陈询,未知,0
丁谓,黎仲吉,排挤,0
何基,金履祥,门人为Y,0
杨辅世,杨万里,书序由Y所作,0
王十朋,陈登,友,0
王震,章惇,反对攻讦,0
蔡枢,张所,欣赏器重,0
沈枢,楼钥,书序由Y所作,0
林光朝,杨兴宗,学生为Y,0
周春,钱大昕,友,0
程卓,真德秀,书序由Y所作,0
王安石,王该,友,0
朱熹,曹彦约,门人为Y,0
向子諲,朱熹,书序由Y所作,0
朱熹,许文蔚,门人为Y,0
李光,孙觌,反对攻讦,0
范仲淹,滕宗谅,推荐,0
胡旦,梁颢,与Y结党,0
王昂,马扩,同年友,0
蔡确,王安石,恩主是Y,0
莫济,李衡,支持,0
叶向高,赵南星,未知,0
陆九渊,史浩,推荐,0
周必大,林宗放,欣赏器重,0
傅尧俞,陈师道,推荐,0
凌策,任玠,推荐,0
欧阳修,孙洙,推荐,0
王禹偁,苏颂,书序由Y所作,0
潘兴嗣,曾巩,友,0
钱昭度,苏易简,书序由Y所作,0
苏颂,阳孝本,推荐,0
杨万里,刘清之,推荐,0
司马光,李绚,同年友,0
掌禹锡,葛胜仲,书序由Y所作,0
贾似道,陈均,排挤,0
邵雍,张峋,学生为Y,0
高登,李纲,支持,0
吕惠卿,王兢,辟,0
李邴,朱熹,书序由Y所作,0
谢深甫,朱熹,支持,0
陈瓘,廖刚,学生为Y,0
郭劝,蔡齐,恩主是Y,0
胡宏,陈亮,书序由Y所作,0
袁灼,蔡京,反对攻讦,0
钱镠,罗隐,辟,0
范同,张通,支持,0
吕祖谦,潘景夔,学生为Y,0
晁咏之,晁说之,书序由Y所作,0
马天骥,司马光,支持,0
洪迈,王称,推荐,0
赵汝愚,姜特立,推荐,0
黄宗羲,万斯年,学生为Y,0
高凤翰,宋弼,友,0
刘泾,李新,推荐,0
孙觌,张宇,同年友,0
武亿,纪昀,友,0
黄庭坚,范温,学生为Y,0
刘诜,张莹,学生为Y,0
沈邈,吕夷简,支持,0
秦大士,蒋士铨,友,0
王恽,赵文昌,推荐,0
张保雍,王安石,书序由Y所作,0
范仲淹,吴遵路,友,0
黄叔达,刘师道,友,0
汪大猷,郑若冲,友,0
欧阳修,梅尧臣,推荐,0
张九成,倪称,学生为Y,0
游九功,刘克庄,书序由Y所作,0
魏野,薛田,友,0
欧阳修,魏了翁,书序由Y所作,0
胡瑗,王得臣,学生为Y,0
韩琦,曹颖叔,推荐,0
杨万里,萧国梁,推荐,0
胡峄,方惟深,友,0
曾安强,周必大,书序由Y所作,0
陈珙,周孚,友,0
潘良贵,朱熹,书序由Y所作,0
吕本中,陆游,书序由Y所作,0
赵葵,林兴宗,辟,0
林逋,李咨,欣赏器重,0
李纲,蔡载,推荐,0
杨汝南,刘克庄,书序由Y所作,0
卢见曾,高凤翰,支持,0
江万里,刘辰翁,推荐,0
韩琦,胡恢,支持,0
王世贞,陈文烛,未知,0
王鏊,陈澜,同年友,0
徐淑秀,刘肇国,恩主是Y,0
赵逵,刘焞,同年友,0
富弼,司马光,书序由Y所作,0
任尽言,秦桧,反对攻讦,0
朱熹,蔡沆,学生为Y,0
罗从彦,朱熹,学生为Y,0
张浚,张杰,门人为Y,0
陈旅,宋濂,书序由Y所作,0
刘玶,朱熹,友,0
胡宗愈,蒋之奇,友,0
陆游,范中立,友,0
王安中,周必大,书序由Y所作,0
胡旦,宋白,欣赏器重,0
黄庭坚,潘淳,学生为Y,0
欧阳修,焦千之,欣赏器重,0
何若,陈鼎,弹劾,0
石介,马默,学生为Y,0
赵奕,赵鼎臣,书序由Y所作,0
杨灏,文同,书序由Y所作,0
纪昀,钱大昕,同年友,0
朱熹,黄干,学生为Y,0
秦桧,刘珙,排挤,0
陈宾,蔡京,弹劾,0
晁公武,何熙志,推荐,0
范中立,陆游,友,0
姚希孟,缪昌期,未知,0
朱熹,詹体仁,学生为Y,0
黄铢,真德秀,书序由Y所作,0
郑獬,鲁有开,同年友,0
周邦彦,楼钥,书序由Y所作,0
秦桧,芮烨,排挤,0
李义山,刘克庄,书序由Y所作,0
朱熹,章康,学生为Y,0
陈朝老,王黼,反对攻讦,0
叶适,陈埴,学生为Y,0
朱熹,颜度,友,0
王宗沐,张瀚,未知,0
宋咸,宋祁,同年友,0
秦桧,冯时行,排挤,0
游九言,魏了翁,书序由Y所作,0
杜衍,龚鼎臣,推荐,0
陈烈,陈襄,友,0
陈旸,楼钥,书序由Y所作,0
彭九万,贾似道,弹劾,0
石公弼,蔡京,弹劾,0
孙复,张洞,学生为Y,0
丁注,余中,同年友,0
林栗,朱熹,反对攻讦,0
秦桧,郑刚中,推荐,0
乐雷发,姚勉,学生为Y,0
张孝祥,秦桧,支持,0
韩琦,韩绛,推荐,0
朱熹,李闳祖,友,0
周必大,林采,未知,0
陈傅良,徐谊,同年友,0
李椿年,胡铨,书序由Y所作,0
释秘演,欧阳修,书序由Y所作,0
王士元,郭忠恕,友,0
苏轼,崔子方,学生为Y,0
张九成,沈清臣,学生为Y,0
周必大,方恬,推荐,0
范纯仁,施大任,友,0
田锡,苏轼,书序由Y所作,0
邵雍,邢恕,书序由Y所作,0
秦桧,张俊,欣赏器重,0
文彦博,叶梦得,书序由Y所作,0
纪昀,刘墉,友,0
吕祖谦,张栻,书序由Y所作,0
柳贯,方回,友,0
石介,富弼,支持,0
彭应求,周敦颐,书序由Y所作,0
范纯仁,杜纯,推荐,0
刘拯,吕大防,弹劾,0
张鼐,张纮,未知,0
邓牧,李坦之,学生为Y,0
韩缜,毕仲游,欣赏器重,0
林希,章惇,与Y结党,0
吴儆,朱熹,友,0
李复,钱端礼,书序由Y所作,0
种放,薛田,学生为Y,0
王鸣盛,钱大昕,友,0
施大任,苏辙,友,0
郭知章,吕大防,反对攻讦,0
范宗尹,张致远,推荐,0
钱公辅,王畴,反对攻讦,0
秦桧,胡铨,排挤,0
李之纯,苏辙,支持,0
黄祖舜,杨愿,反对攻讦,0
曾巩,朱轼,学生为Y,0
杨杰,释思净,欣赏器重,0
李纲,吴顺之,推荐,0
张九龄,李泌,欣赏器重,0
方凤,吴思齐,友,0
袁桷,危稹,未知,0
吴华,梅尧臣,友,0
王寘,蔡京,反对攻讦,0
黄承吉,焦循,友,0
叶适,郭江,欣赏器重,0
孔武仲,李中,友,0
熊本,任伋,推荐,0
赵蕃,郑梦协,学生为Y,0
罗必元,贾似道,反对攻讦,0
孙觌,蔡京,弹劾,0
宋迪,苏轼,书序由Y所作,0
张宇,孙觌,同年友,0
吕祖谦,邵度,学生为Y,0
晁公迈,陆游,书序由Y所作,0
张商英,司马光,反对攻讦,0
傅梦泉,林希逸,友,0
梅尧臣,欧阳辟,学生为Y,0
傅伯寿,木待问,同年友,0
李光,张佑,弹劾,0
吕祖谦,时少章,学生为Y,0
张垓,吕祖俭,支持,0
刘拯,范祖禹,弹劾,0
李则,杨汝南,学生为Y,0
陈渊,沈度,学生为Y,0
吴振,王容,同年友,0
赵抃,危固,推荐,0
虞允文,胡铨,推荐,0
黄履,赵彦若,弹劾,0
吴澄,潘音,学生为Y,0
夏竦,释居昱,推荐,0
陈尧道,刘克庄,书序由Y所作,0
赵汸,宋濂,书序由Y所作,0
黄裳,周寿,同年友,0
苏轼,释法泉,友,0
吕诲,王安石,反对攻讦,0
欧阳修,张田,推荐,0
司马光,程颐,推荐,0
袁甫,汤汉,友,0
韩愈,张籍,推荐,0
钱若水,杨亿,书序由Y所作,0
张邦奇,张时彻,学生为Y,0
纪昀,李腾蛟,门人为Y,0
王恽,王磐,推荐,0
郑少微,李新,同年友,0
杨济,魏了翁,书序由Y所作,0
吕祖谦,刘清之,友,0
陈耆卿,吴子良,学生为Y,0
上官均,张璪,弹劾,0
贾似道,徐经孙,排挤,0
邵亨贞,钱应庚,欣赏器重,0
朱熹,傅伯成,门人为Y,0
释赞宁,王禹偁,书序由Y所作,0
种放,韩退,学生为Y,0
张方平,朱采,推荐,0
章惇,安焘,排挤,0
李常,王安石,友,0
李方子,魏了翁,书序由Y所作,0
寇准,张咏,友,0
张鼐,包节,未知,0
邹应龙,钟震,同年友,0
郑起,郑清之,反对攻讦,0
朱熹,郭浩,学生为Y,0
胡安国,王苹,推荐,0
吕祖谦,王硕,学生为Y,0
权邦彦,楼炤,门人为Y,0
姚勔,赵君锡,弹劾,0
施德操,杨璿,友,0
江万里,艾可翁,推荐,0
李稙,胡铨,书序由Y所作,0
胡安国,胡寅,书序由Y所作,0
司马光,皮公弼,反对攻讦,0
赵瞻,晁说之,书序由Y所作,0
李觏,邓润甫,门人为Y,0
欧阳修,许昌龄,欣赏器重,0
陈傅良,徐谊,友,0
杨琳,黄庭坚,友,0
苏颂,程珦,欣赏器重,0
苏轼,晁补之,欣赏器重,0
苏轼,葛敏修,友,0
纪昀,李文藻,门人为Y,0
陈渊,杨万里,书序由Y所作,0
王安石,郑獬,排挤,0
吕祖谦,赵烨,门人为Y,0
詹体仁,赵汝愚,支持,0
王质,范仲淹,友,0
武亿,程晋芳,友,0
曾巩,孔延之,友,0
何基,王迈,推荐,0
张邵,秦桧,支持,0
朱熹,许文蔚,学生为Y,0
宋弼,方苞,友,0
秦桧,李健,排挤,0
吴柔胜,曹彦约,同年友,0
杜仁杰,元好问,书序由Y所作,0
秦桧,翁蒙之,反对攻讦,0
张杰,张栻,友,0
韩琦,孙唐卿,欣赏器重,0
黄中,刘度,支持,0
秦纲,刘克庄,友,0
陈文龙,赵溍,弹劾,0
方凤,赵若恢,友,0
纪昀,宋弼,友,0
黄鹏飞,陈世崇,友,0
张栻,赵方,门人为Y,0
杨时,胡珵,学生为Y,0
罗聘,纪昀,友,0
胡珵,朱松,友,0
危素,岑安卿,友,0
赵鼎,林季仲,推荐,0
杨愿,周必大,同年友,0
吕祖谦,陈良祐,学生为Y,0
胡宪,魏掞之,学生为Y,0
欧阳修,龙昌期,反对攻讦,0
杨万里,王回,推荐,0
沈晦,方云翼,同年友,0
孟宾于,王禹偁,书序由Y所作,0
陆粲,陈洪谟,未知,0
张鼐,张之象,未知,0
王十朋,杨朴,同年友,0
赵昱,吴曦,反对攻讦,0
陆九渊,孙应时,学生为Y,0
张阐,秦桧,反对攻讦,0
杜衍,黄仲通,推荐,0
钱大昕,戴震,友,0
谢翱,吴思齐,友,0
毛注,蔡京,弹劾,0
朱长文,胡瑗,欣赏器重,0
何藗,张图南,友,0
吕颐浩,权邦彦,党魁为Y,0
熊本,蔡京,推荐,0
吕祖谦,张垓,学生为Y,0
赵汝谈,王绰,推荐,0
秦桧,刘岑,排挤,0
邓林,吕祖谦,友,0
吕祖谦,陈刚,学生为Y,0
张起岩,王袆,推荐,0
刘章,莫济,同年友,0
张溥,文德翼,未知,0
柳开,高弁,学生为Y,0
王黼,蔡京,支持,0
曹筠,章杰,弹劾,0
刘度,周必大,书序由Y所作,0
陈瓘,吴熙,推荐,0
王云,陈师道,书序由Y所作,0
章惇,曾布,欣赏器重,0
李光,蔡京,弹劾,0
钱载,纪昀,友,0
滑寿,宋濂,书序由Y所作,0
陈傅良,吴汉英,欣赏器重,0
欧阳修,丁宝臣,友,0
刘涣,孔道辅,友,0
范祖禹,孙谔,推荐,0
李光,吴镗,弹劾,0
汪应辰,李蘩,推荐,0
唐介,徐九思,推荐,0
王苹,范如圭,学生为Y,0
苏轼,郑少微,门人为Y,0
虞集,刘克庄,书序由Y所作,0
范祖禹,毛渐,推荐,0
徐学谟,吴山,未知,0
陈沂,杨氏,学生为Y,0
何良俊,刘瑾,未知,0
朱熹,祝穆,门人为Y,0
朱翌,周必大,书序由Y所作,0
杨万里,吴镒,推荐,0
朱熹,王阮,门人为Y,0
程珦,周敦颐,欣赏器重,0
方审权,刘克庄,书序由Y所作,0
朱熹,蔡渊,门人为Y,0
魏了翁,虞刚简,推荐,0
钱遹,蔡京,支持,0
陈澧,元好问,书序由Y所作,0
庄培因,钱大昕,同年友,0
胡峄,林虙,友,0
朱熹,杨与立,门人为Y,0
王应麟,袁桷,书序由Y所作,0
秦蕙田,钱大昕,恩主是Y,0
王巩,黄庭坚,书序由Y所作,0
刘子澄,贾似道,反对攻讦,0
王英孙,林景熙,友,0
真德秀,郑寅,推荐,0
郑清之,黄载,推荐,0
杨简,史弥巩,学生为Y,0
纪昀,彭元瑞,友,0
赵抃,文同,书序由Y所作,0
晁端彦,章惇,反对攻讦,0
李好义,吴曦,反对攻讦,0
章清,邓春卿,推荐,0
王从,杨万里,书序由Y所作,0
朱熹,李宗思,学生为Y,0
秦桧,胡寅,排挤,0
孟珙,方暹,推荐,0
赵烨,谢逸,欣赏器重,0
京镗,刘德秀,推荐,0
归淑芬,申蕙,友,0
张渊,木待问,同年友,0
蔡京,张康国,支持,0
薛映,姚铉,弹劾,0
唐介,文彦博,弹劾,0
范仲淹,唐异,欣赏器重,0
林震,蔡京,反对攻讦,0
施大任,范纯仁,友,0
陈烈,郑穆,友,0
王廉清,秦熺,反对攻讦,0
司马光,王逵,弹劾,0
范正民,黄庭坚,书序由Y所作,0
张栻,朱熹,友,0
司马光,范祖禹,书序由Y所作,0
赵汝愚,林亦之,推荐,0
刘应时,陆游,友,0
周必大,詹体仁,友,0
秦桧,高闶,排挤,0
梅执礼,尹焞,推荐,0
张鼐,张弘至,未知,0
王十朋,张栻,推荐,0
牟子才,文天祥,友,0
朱熹,冯椅,门人为Y,0
朱熹,刘爚,门人为Y,0
寇准,陈充,推荐,0
缪荃孙,谭廷献,同年友,0
吴彦夔,朱熹,同年友,0
吕本中,曾几,书序由Y所作,0
尹洙,江休复,友,0
王绰,叶适,友,0
徐学谟,赵贞吉,未知,0
蔡元定,楼钥,书序由Y所作,0
马思赞,查慎行,友,0
周密,邓牧,友,0
纪昀,蒋曰纶,友,0
朱熹,吴振,门人为Y,0
陈襄,韩维,推荐,0
冯澥,李纲,排挤,0
宋濂,滑寿,书序由Y所作,0
余复,许文蔚,同年友,0
张杰,吕祖谦,友,0
黄极,黄庭坚,书序由Y所作,0
徐铉,高绅,友,0
段芝贵,袁世凯,恩主是Y,0
胡舜陟,赵良嗣,弹劾,0
王子俊,杨万里,书序由Y所作,0
刘子翚,朱松,友,0
纪昀,戈涛,友,0
葛洪,胡楚材,学生为Y,0
董敦逸,苏轼,反对攻讦,0
苏轼,黄庭坚,推荐,0
程颐,王苹,学生为Y,0
陈知柔,吴獬,欣赏器重,0
钱大昕,黄文莲,友,0
秦桧,曾惇,未知,0
郑伯熊,陈傅良,学生为Y,0
洪遵,魏了翁,书序由Y所作,0
何良俊,邹智,未知,0
王恽,钟明亮,弹劾,0
尹会一,高凤翰,支持,0
杨时,宋之才,学生为Y,0
程元凤,鲍寿孙,推荐,0
刘炎,真德秀,书序由Y所作,0
贾同,寇准,支持,0
夏竦,丁谓,与Y结党,0
胡绍鼎,朱筠,同年友,0
蔡元定,吴雅,门人为Y,0
苏颂,周必大,书序由Y所作,0
李正民,胡铨,推荐,0
刘辰翁,赵孟僩,学生为Y,0
黄庭坚,葛敏修,友,0
孙升,王安石,反对攻讦,0
王安石,王令,欣赏器重,0
程颢,邢恕,学生为Y,0
赵君锡,蔡确,反对攻讦,0
杨璿,施德操,友,0
刘挚,章惇,反对攻讦,0
丁谓,孙何,友,0
陈东,李纲,支持,0
丰稷,章惇,弹劾,0
方信孺,方武子,辟,0
袁甫,马光祖,欣赏器重,0
林希逸,刘克庄,书序由Y所作,0
王岩叟,蔡确,弹劾,0
周献臣,毛纪,未知,0
马大同,朱熹,友,0
戴良,赵友同,学生为Y,0
赵以夫,刘克庄,书序由Y所作,0
王安石,张方平,未知,0
张良臣,周必大,书序由Y所作,0
方审权,刘克庄,友,0
刘安世,李光,学生为Y,0
张观,文彦博,书序由Y所作,0
刘果实,赵执信,友,0
吴芾,蒋晋,欣赏器重,0
张载,游师雄,学生为Y,0
柳瑾,苏轼,书序由Y所作,0
闻人安道,司马光,友,0
朱熹,蔡杭,门人为Y,0
史浩,杨简,推荐,0
孙复,吕希哲,门人为Y,0
秦桧,陈尧臣,支持,0
方丰之,陆游,书序由Y所作,0
杨万里,周必正,推荐,0
韩驹,刘克庄,书序由Y所作,0
韩元吉,赵彦端,友,0
王安中,蔡京,弹劾,0
章惇,余爽,排挤,0
史浩,陆九渊,推荐,0
高闶,楼钥,书序由Y所作,0
黄庭坚,王直方,友,0
柳开,胥偃,欣赏器重,0
高荷,黄庭坚,友,0
陈师道,晁冲之,学生为Y,0
宋白,田锡,学生为Y,0
曹彦约,李燔,推荐,0
李弥逊,贾安宅,推荐,0
彭龟年,魏了翁,书序由Y所作,0
朱熹,黄子功,门人为Y,0
王恽,李师圣,推荐,0
赵抃,周圻,友,0
朱熹,徐逸,友,0
朱熹,林鼐,学生为Y,0
吕祖谦,黄人杰,门人为Y,0
张铸,王安石,学生为Y,0
欧阳守道,赵孟僩,学生为Y,0
范仲淹,张伯玉,推荐,0
林宗放,章惇,反对攻讦,0
苏天爵,许衡,书序由Y所作,0
苏轼,赵令畤,推荐,0
张栻,范子长,学生为Y,0
叶适,叶绍翁,学生为Y,0
叶涛,吕大防,反对攻讦,0
马知节,王钦若,反对攻讦,0
张耒,吴怡,学生为Y,0
洪咨夔,魏了翁,友,0
何应龙,傅行简,同年友,0
孟翱,司马光,同年友,0
王祜,苏轼,书序由Y所作,0
冯如晦,范纯仁,支持,0
富弼,陈侗,辟,0
孙觌,邹宗谟,学生为Y,0
吕公著,司马光,友,0
掌禹锡,文同,书序由Y所作,0
司马光,周锷,欣赏器重,0
陈栎,朱升,学生为Y,0
陈藻,刘翼,学生为Y,0
胡安国,韩璜,学生为Y,0
王应麟,袁桷,门人为Y,0
朱熹,廖德明,学生为Y,0
杨万里,李大异,推荐,0
徐徽,曾肇,友,0
杨万里,罗椿,学生为Y,0
黄溍,戴良,学生为Y,0
贾似道,陈奕,未知,0
程珌,吕公著,欣赏器重,0
陈鹏飞,黄补,学生为Y,0
吕祖谦,周必大,书序由Y所作,0
王安国,陈师道,书序由Y所作,0
朱熹,金朋说,门人为Y,0
纪昀,钱载,友,0
黄履,范祖禹,弹劾,0
许月卿,丁大全,反对攻讦,0
朱熹,程端蒙,门人为Y,0
李杰,吴宽,同年友,0
袁燮,朱震,学生为Y,0
汪澈,汤思退,弹劾,0
陈襄,徐常,友,0
桑世昌,林师蒧,友,0
鲁有开,郑獬,同年友,0
程颐,唐棣,学生为Y,0
颜太初,苏轼,书序由Y所作,0
求仲弓,王安石,友,0
吴潜,姚勉,推荐,0
朱熹,胡铨,欣赏器重,0
郑少微,杨天惠,同年友,0
汪勃,吴元美,推荐,0
蔡京,叶涛,弹劾,0
杨时,陈渊,学生为Y,0
吕祖谦,张杰,友,0
秦桧,黄公度,排挤,0
朱晞颜,游九言,友,0
赵葵,余玠,辟,0
刘震孙,苏轼,欣赏器重,0
刘宰,朱晞颜,友,0
卢熊,王时,欣赏器重,0
纪昀,罗聘,友,0
朱熹,郭浩,门人为Y,0
潘畤,潘良贵,书序由Y所作,0
吕公著,汪应辰,书序由Y所作,0
卫泾,薛绂,同年友,0
黄德贞,归淑芬,友,0
纪昀,洪良浩,友,0
释道臻,黄庭坚,书序由Y所作,0
秦桧,章元振,同年友,0
胡瑗,吕希哲,学生为Y,0
张观,汤思退,弹劾,0
赵至道,邹应龙,同年友,0
蔡幼学,魏了翁,书序由Y所作,0
欧阳修,刘攽,推荐,0
朱熹,潘时举,学生为Y,0
史浩,崔敦礼,推荐,0
田一俊,龙光,未知,0
叶涛,安焘,支持,0
陈之茂,张九成,同年友,0
沈与求,李弥大,弹劾,0
吕祖谦,朱熹,书序由Y所作,0
程颐,刘庭式,欣赏器重,0
江万里,艾可翁,与Y结党,0
汤显祖,丘兆麟,未知,0
杨万里,廖德明,推荐,0
梁克家,陈光,学生为Y,0
徐大正,苏轼,友,0
欧阳修,吕惠卿,推荐,0
陆游,王时叙,欣赏器重,0
吴潜,谢枋得,辟,0
魏了翁,牟子才,学生为Y,0
范如圭,秦桧,反对攻讦,0
朱熹,欧阳谦之,门人为Y,0
吕祖谦,辅广,学生为Y,0
李纲,傅亮,推荐,0
张璧娘,林子真,欣赏器重,0
饶鲁,鲁仕能,学生为Y,0
章惇,郑雍,反对攻讦,0
钱惟演,丁谓,恩主是Y,0
刘几,司马光,书序由Y所作,0
张璧,严嵩,未知,0
范仲淹,刘牧,学生为Y,0
吴儆,陈亮,书序由Y所作,0
何良俊,李梦阳,未知,0
方凤,谢翱,友,0
柳贯,宋濂,门人为Y,0
左纬,周行己,友,0
赵汝愚,赵彦逾,党魁为Y,0
杜衍,曹修睦,推荐,0
李师中,苏轼,推荐,0
张栻,游九言,学生为Y,0
王雱,王安石,书序由Y所作,0
许有壬,赵世延,推荐,0
范纯礼,孙永,欣赏器重,0
文彦博,曹颖叔,推荐,0
释文莹,刘挚,书序由Y所作,0
贺铸,程俱,书序由Y所作,0
董邦达,钱大昕,恩主是Y,0
刘焞,赵逵,同年友,0
刘应龟,黄溍,学生为Y,0
林敏功,刘克庄,书序由Y所作,0
王恽,元好问,书序由Y所作,0
韩琦,孙洙,欣赏器重,0
赵若恢,方凤,友,0
李畋,何中,友,0
王安石,蔡渊,学生为Y,0
张孝祥,叶翥,同年友,0
纪昀,单钰,友,0
范祖禹,章惇,反对攻讦,0
钱大昕,周春,友,0
赵济,富弼,弹劾,0
王洋,周必大,书序由Y所作,0
王恽,王著,欣赏器重,0
尤袤,周必大,与Y结党,0
秦桧,郑刚中,排挤,0
朱熹,廖德明,门人为Y,0
楼钥,宋晋之,同年友,0
赵抃,施大任,推荐,0
葛次仲,周必大,书序由Y所作,0
孙沔,吴戭,推荐,0
赵汝愚,王闻诗,推荐,0
朱熹,林鼐,门人为Y,0
谢希孟,欧阳修,书序由Y所作,0
王觌,蔡确,弹劾,0
王容,吴振,同年友,0
戈涛,纪昀,友,0
辛炳,蔡京,弹劾,0
韩缜,程珦,欣赏器重,0
欧阳修,富弼,支持,0
方信孺,刘克庄,书序由Y所作,0
冯澥,邹浩,排挤,0
黄姬水,刘显,未知,0
卢雍,卢雍,未知,0
黄干,吴泳,学生为Y,0
李中,孔武仲,友,0
张居正,王樵,推荐,0
张守,秦桧,反对攻讦,0
文天祥,韩维,书序由Y所作,0
宋晋之,楼钥,同年友,0
范祖禹,李常,推荐,0
王彝,杨维桢,弹劾,0
吕存中,龚颐正,友,0
李新,郑少微,同年友,0
吕公著,周敦颐,推荐,0
高登,种师道,反对攻讦,0
杨万里,郑侨,推荐,0
陈襄,薛昌朝,推荐,0
刘应时,杨万里,友,0
林震,李弥逊,书序由Y所作,0
韩缜,冯如晦,欣赏器重,0
张方平,苏轼,书序由Y所作,0
范镇,苏辙,书序由Y所作,0
吴莱,宋濂,学生为Y,0
林逋,黄庭坚,书序由Y所作,0
石介,余靖,支持,0
林同,刘克庄,书序由Y所作,0
刘子翚,宋翔,欣赏器重,0
陈宜中,丁大全,反对攻讦,0
苏轼,陈师道,推荐,0
许谦,李裕,学生为Y,0
刘克庄,翁定,友,0
吕祖谦,刘爚,学生为Y,0
范仲淹,孙复,推荐,0
林亦之,陈藻,学生为Y,0
赵昌言,胡旦,与Y结党,0
刘子寰,刘克庄,书序由Y所作,0
陈傅良,陈岩,学生为Y,0
吕希哲,谢逸,学生为Y,0
谢涛,范仲淹,书序由Y所作,0
金履祥,卫富益,学生为Y,0
钱明逸,夏竦,恩主是Y,0
方凤,吴谦,友,0
朱熹,陈宇,学生为Y,0
张浚,石安民,欣赏器重,0
李纲,成无玷,推荐,0
胡宿,王尧臣,反对攻讦,0
黄履,林希,弹劾,0
吕声之,蔡幼学,友,0
马祖常,柳贯,推荐,0
何良俊,边贡,未知,0
释妙声,危素,友,0
张孝祥,黄钧,同年友,0
赵启霖,段芝贵,反对攻讦,0
释惟清,释应端,门人为Y,0
朱熹,胡襄,友,0
董沛,谭廷献,同年友,0
叶适,方来,学生为Y,0
岑安卿,李孝光,友,0
温益,蔡京,恩主是Y,0
杜衍,孙甫,推荐,0
邵迎,苏轼,书序由Y所作,0
王安石,王回,友,0
姜屿,宋祁,书序由Y所作,0
朱熹,蔡元定,学生为Y,0
罗从彦,李侗,学生为Y,0
刘永年,胡宿,书序由Y所作,0
刘筠,丁谓,反对攻讦,0
欧阳修,苏洵,推荐,0
刘因,安熙,学生为Y,0
黄仲元,宋濂,书序由Y所作,0
刘拯,黄庭坚,弹劾,0
张孝祥,朱时敏,同年友,0
杨时,胡宏,学生为Y,0
薛奎,欧阳修,书序由Y所作,0
韩璜,胡寅,友,0
徐阶,陈继儒,欣赏器重,0
李维桢,毛澄,未知,0
许仁,汪伯彦,弹劾,0
胡宪,刘锜,支持,0
吴景奎,宋濂,书序由Y所作,0
辛弃疾,邓林,友,0
王迈,史嵩之,反对攻讦,0
傅子云,叶梦得,学生为Y,0
司马光,范纯仁,书序由Y所作,0
朱松,刘子羽,友,0
何良俊,陈章,未知,0
刘克庄,秦纲,推荐,0
石延年,尹洙,书序由Y所作,0
方凤,吴莱,学生为Y,0
欧阳修,安吉,推荐,0
吴潜,陈宜中,支持,0
蔡渊,叶采,学生为Y,0
戈涛,李中简,友,0
张九成,施德操,友,0
李纲,邓肃,党魁为Y,0
吕祖谦,楼钥,书序由Y所作,0
王安石,时孝孙,与Y结党,0
丁谓,李溥,支持,0
孙觉,王安石,友,0
欧阳修,苏轼,推荐,0
孙复,朱光庭,学生为Y,0
范祖禹,苏轼,推荐,0
林则徐,冯桂芬,学生为Y,0
谭廷献,缪荃孙,同年友,0
周必大,杨愿,同年友,0
李觏,祖无择,书序由Y所作,0
尹焞,吕稽中,门人为Y,0
姚希孟,周宗建,未知,0
秦桧,康与之,支持,0
贾似道,李伯玉,排挤,0
王黼,李光,排挤,0
武亿,朱筠,友,0
陈澜,王鏊,同年友,0
刁约,苏颂,书序由Y所作,0
任伋,苏洵,友,0
王安中,汪伯彦,推荐,0
李从周,魏了翁,书序由Y所作,0
朱熹,徐琳,门人为Y,0
司马光,吕公著,友,0
孙觉,杨时,书序由Y所作,0
冯伉,王禹偁,书序由Y所作,0
朱熹,袁桷,书序由Y所作,0
吴省钦,钱大昕,友,0
张九成,陈自修,学生为Y,0
王觌,段缝,推荐,0
富弼,孙复,推荐,0
朱胜非,仲并,推荐,0
陈韡,何谦,推荐,0
毛奇龄,王孙兰,友,0
吴柔胜,曹彦约,推荐,0
袁燮,袁韶,学生为Y,0
欧阳修,陈起,欣赏器重,0
楼炤,王晞韩,辟,0
陆九渊,袁燮,书序由Y所作,0
朱熹,刘炳,学生为Y,0
高登,陈景肃,学生为Y,0
杨时,张九成,学生为Y,0
范师道,曾巩,书序由Y所作,0
薛魁祥,文天祥,友,0
吕颐浩,李纲,反对攻讦,0
魏了翁,郑梦协,友,0
陈师锡,李光,书序由Y所作,0
孙雄飞,张九成,同年友,0
朱熹,宋之源,学生为Y,0
曹宗,蔡京,与Y结党,0
张浚,赵棠,欣赏器重,0
朱熹,潘时举,门人为Y,0
周必大,邓林,友,0
朱熹,章康,门人为Y,0
权邦彦,周葵,门人为Y,0
楼钥,朱熹,支持,0
林逋,梅尧臣,书序由Y所作,0
洪迈,魏了翁,书序由Y所作,0
米芾,张经,欣赏器重,0
王安礼,苏轼,支持,0
李璜,楼钥,书序由Y所作,0
李因,薛素素,友,0
方苞,宋弼,友,0
孙惟信,刘克庄,友,0
李石,程骧,友,0
戴溪,邓林,友,0
刘诜,王炎午,推荐,0
吕夏卿,苏颂,书序由Y所作,0
李訦,杨炳,友,0
周敦颐,孔延之,友,0
张守,周必大,书序由Y所作,0
唐异,范仲淹,书序由Y所作,0
朱熹,陈淳,学生为Y,0
释清了,李纲,书序由Y所作,0
苏颂,周韶,欣赏器重,0
张栻,赵方,学生为Y,0
晏殊,欧阳修,门人为Y,0
秦桧,张浚,反对攻讦,0
庄昶,邵宝,学生为Y,0
曾开,释法清,友,0
戴震,纪昀,友,0
辅广,袁桷,书序由Y所作,0
韩琦,姚嗣宗,推荐,0
司马光,范镇,友,0
秦桧,陈鼎,排挤,0
黄庭坚,王铚,书序由Y所作,0
时孝孙,王安石,与Y结党,0
吴儆,吕祖谦,友,0
孙觉,傅楫,门人为Y,0
胡绍鼎,曹学闵,同年友,0
魏杞,张良臣,学生为Y,0
方逢辰,魏新之,学生为Y,0
尹焞,谢天申,欣赏器重,0
曾布,郭知章,推荐,0
吕陶,蔡确,弹劾,0
韩永,刘克庄,书序由Y所作,0
陈襄,吴孜,推荐,0
郑清之,刘克庄,支持,0
苏轼,黄庭坚,友,0
郑獬,黄君俞,推荐,0
范祖禹,钱世雄,推荐,0
郑梦协,魏了翁,友,0
胡绍鼎,钱大昕,同年友,0
葛敏修,胡铨,书序由Y所作,0
王安石,吕陶,排挤,0
钱谦益,钱曾,学生为Y,0
张鼐,张弼,未知,0
丁大全,方岳,排挤,0
苏坚,苏轼,友,0
吕惠卿,张璪,同年友,0
吕惠卿,张璪,未知,0
毛友,张嵲,书序由Y所作,0
释法云,苏颂,书序由Y所作,0
张浚,胡安国,推荐,0
魏掞之,朱熹,友,0
黄溍,陈基,学生为Y,0
王安石,吕惠卿,推荐,0
张元,姚嗣宗,友,0
富弼,鲁有开,推荐,0
朱熹,吕炎,门人为Y,0
陈师锡,蔡京,反对攻讦,0
王淹,杨万里,书序由Y所作,0
刘挚,章惇,弹劾,0
杨万里,张贵谟,推荐,0
杨虞仲,魏了翁,书序由Y所作,0
陈师锡,蔡卞,反对攻讦,0
刘珙,秦桧,反对攻讦,0
陈继儒,董其昌,友,0
释德光,陆游,书序由Y所作,0
文彦博,黄伸,推荐,0
程大昌,方恬,推荐,0
真德秀,刘炎,学生为Y,0
张孝祥,赵师训,同年友,0
袁甫,真德秀,书序由Y所作,0
周敦颐,胡宏,书序由Y所作,0
朱熹,黄㽦,门人为Y,0
柳贯,叶谨翁,友,0
晏殊,韩琦,推荐,0
杨由义,朱熹,学生为Y,0
王该,王安石,友,0
陈瓘,蔡卞,反对攻讦,0
范祖禹,范纯礼,推荐,0
宋濂,戴灏,学生为Y,0
胡瑗,蔡说,学生为Y,0
刘克庄,陈炜,推荐,0
高弁,刘潜,门人为Y,0
单炜,姜夔,友,0
安绍芳,方沆,未知,0
林虙,胡峄,友,0
叶谨翁,柳贯,友,0
刘克庄,方审权,友,0
孔文仲,李中,友,0
欧阳修,司马光,推荐,0
贾似道,艾可翁,排挤,0
龚原,陈高,推荐,0
杨杞,杨万里,书序由Y所作,0
司马光,张舜民,推荐,0
夏竦,庞籍,欣赏器重,0
陈傅良,曹叔远,学生为Y,0
方宗诚,刘因,推荐,0
张鼐,孙承恩,未知,0
朱熹,刘子寰,学生为Y,0
常安民,蔡京,弹劾,0
范育,李定,弹劾,0
周莘,陈与义,友,0
释定诸,曾会,友,0
方审权,王迈,友,0
范祖禹,魏了翁,书序由Y所作,0
王绰,王汶,学生为Y,0
苏轼,释道潜,欣赏器重,0
叶祖洽,蔡确,反对攻讦,0
袁枚,张玉珍,学生为Y,0
朱熹,辅广,学生为Y,0
李堂,李堂,未知,0
纪昀,武亿,友,0
胡宏,张栻,学生为Y,0
徐清叟,真德秀,支持,0
张商英,唐庚,推荐,0
陆九渊,朱桴,学生为Y,0
胡泳,刘珙,推荐,0
薛弼,李纲,与Y结党,0
陆游,胡僧孺,欣赏器重,0
王恽,史天泽,推荐,0
苏轼,欧阳修,党魁为Y,0
司马光,朱熹,书序由Y所作,0
秦桧,何铸,排挤,0
吴敏,江端友,推荐,0
叶颙,王十朋,推荐,0
王之望,周必大,书序由Y所作,0
范仲黼,魏了翁,友,0
吴周,刘克庄,书序由Y所作,0
杜范,郑大惠,友,0
叶适,翁敏之,学生为Y,0
朱熹,郑可学,门人为Y,0
李龟朋,钱端礼,恩主是Y,0
朱熹,戴蒙,门人为Y,0
张徽,司马光,友,0
孙复,朱长文,学生为Y,0
赵发,蒋重珍,同年友,0
方大琮,刘克庄,书序由Y所作,0
魏了翁,陈贵谊,同年友,0
权邦彦,潘良贵,门人为Y,0
吕祖谦,袁燮,门人为Y,0
范子长,高载,辟,0
王淹,周必大,书序由Y所作,0
章元振,秦桧,同年友,0
王安石,刘彝,推荐,0
朱熹,林赐,门人为Y,0
魏掞之,朱熹,书序由Y所作,0
胡寅,向子諲,推荐,0
陆九渊,吴澄,书序由Y所作,0
严长明,钱大昕,友,0
释秘演,尹洙,书序由Y所作,0
沈晦,何若,同年友,0
秦桧,张扩,支持,0
蔡卞,赵㞦,排挤,0
吕祖谦,葛洪,学生为Y,0
朱熹,祝穆,学生为Y,0
程颐,周恭先,学生为Y,0
司马光,范镇,同年友,0
苏轼,释维琳,欣赏器重,0
吕本中,杨万里,书序由Y所作,0
蔡京,章惇,与Y结党,0
杨万里,章颖,推荐,0
释道潜,陈师道,书序由Y所作,0
晁冲之,刘克庄,书序由Y所作,0
黄宗羲,万斯同,学生为Y,0
真德秀,刘黻,欣赏器重,0
王恽,耶律铸,推荐,0
陈懿典,黄洪宪,未知,0
汪藻,孙觌,书序由Y所作,0
车若水,杜范,未知,0
魏了翁,林岊,友,0
张九成,范寅宾,同年友,0
范仲淹,蔡齐,恩主是Y,0
杨邦弼,王谊,学生为Y,0
徐中行,胡瑗,欣赏器重,0
苏辙,章惇,反对攻讦,0
胡瑗,孙觉,学生为Y,0
李蘩,魏了翁,书序由Y所作,0
王苹,陈长方,学生为Y,0
释慧印,邹浩,书序由Y所作,0
楚建中,司马光,书序由Y所作,0
蔡京,陈鼎,党魁为Y,0
孙觌,胡松年,友,0
蔡卞,李植,反对攻讦,0
张采,周朴,学生为Y,0
司马伋,朱熹,书序由Y所作,0
江休复,苏舜钦,友,0
林岊,魏了翁,友,0
姚辟,冯京,同年友,0
张鼐,夏寅,未知,0
郑樵,石汝砺,欣赏器重,0
王寅,黄庭坚,书序由Y所作,0
高绅,王禹锡,同年友,0
黄履,黄庭坚,弹劾,0
汪伯彦,吴顺之,推荐,0
宋德之,安丙,支持,0
张鼐,徐献忠,未知,0
钱景谌,王安石,恩主是Y,0
吕祖谦,吴洪,欣赏器重,0
高元之,傅伯成,友,0
宋敏求,毕仲游,书序由Y所作,0
朱熹,徐昭然,门人为Y,0
王曾,张升,欣赏器重,0
张鼐,全思诚,未知,0
陈亮,范子长,友,0
林光朝,林方,学生为Y,0
赵汝回,潘希白,学生为Y,0
孔平仲,李中,友,0
廖应淮,丁大全,弹劾,0
李攀龙,王宗沐,友,0
赵彦端,韩元吉,友,0
严粲,袁甫,书序由Y所作,0
胡瑗,赵屼,学生为Y,0
闻人安道,赵抃,友,0
李庚,楼钥,书序由Y所作,0
任伯雨,唐庚,书序由Y所作,0
楼钥,真德秀,书序由Y所作,0
刘巨,苏轼,学生为Y,0
范纯礼,李潜,推荐,0
秦桧,朱翌,排挤,0
江涛,陈瓘,学生为Y,0
范仲淹,王洙,推荐,0
章惇,朱服,弹劾,0
王拱辰,邵雍,推荐,0
莫俦,孙觌,书序由Y所作,0
徐经孙,贾似道,反对攻讦,0
董敦逸,蔡卞,弹劾,0
焦循,黄承吉,友,0
陈师道,周子雍,学生为Y,0
范仲淹,熊本,欣赏器重,0
张璪,冯京,弹劾,0
权邦彦,吕颐浩,与Y结党,0
章惇,吕嘉问,与Y结党,0
苏轼,刘季孙,推荐,0
林光朝,刘克庄,书序由Y所作,0
石介,李堂,门人为Y,0
安焘,章惇,友,0
黄公度,洪迈,书序由Y所作,0
纪昀,王金英,门人为Y,0
杜衍,李师中,推荐,0
释道潜,秦观,友,0
富弼,李柬之,推荐,0
邢恕,蔡京,恩主是Y,0
赵祯,赵鼎臣,书序由Y所作,0
罗处约,王禹偁,书序由Y所作,0
韩维,孙侔,推荐,0
胡应麟,李言恭,未知,0
周麟之,周必大,书序由Y所作,0
吴琚,赵汝愚,与Y结党,0
叶适,周南,学生为Y,0
李简,刘克庄,书序由Y所作,0
徐元杰,史嵩之,反对攻讦,0
纪昀,李中简,友,0
张孝祥,汤思退,支持,0
虞允文,魏了翁,书序由Y所作,0
吴曾,楼钥,书序由Y所作,0
谢景温,王安石,友,0
纪昀,戴震,友,0
汤宾尹,王思任,未知,0
王安石,林之奇,未知,0
史浩,叶适,推荐,0
王安石,李常,友,0
牟子才,李芾,推荐,0
李师中,王安石,反对攻讦,0
王鏊,陆容,未知,0
陆九渊,沈焕,学生为Y,0
张璪,吕惠卿,同年友,0
黄宗羲,万斯大,学生为Y,0
孙嵩,汪炎昶,学生为Y,0
吴莱,赵复,欣赏器重,0
杨偕,蔡齐,恩主是Y,0
程敦厚,秦桧,恩主是Y,0
文天祥,信世昌,欣赏器重,0
释妙声,袁桷,友,0
王安石,杨训,门人为Y,0
刘才邵,杨万里,书序由Y所作,0
刘少逸,王禹偁,书序由Y所作,0
杜衍,掌禹锡,推荐,0
李师中,司马光,支持,0
陈藻,刘翼,门人为Y,0
胡寅,朱胜非,弹劾,0
吴燧,洪天锡,支持,0
吴潜,丁大全,反对攻讦,0
梅尧臣,吴华,友,0
许将,司马光,反对攻讦,0
王安石,蔡京,未知,0
张以宁,石光霁,门人为Y,0
陈次升,蔡京,弹劾,0
夏竦,王钦若,与Y结党,0
李深,蔡京,反对攻讦,0
陈次升,曾布,弹劾,0
陈懿典,卓明卿,未知,0
赵扩,赵汝愚,支持,0
庞谦孺,韩元吉,书序由Y所作,0
徐清叟,魏了翁,支持,0
程迥,高元之,学生为Y,0
许谦,叶谨翁,友,0
孙世仪,邹浩,书序由Y所作,0
沈辽,龚宗元,书序由Y所作,0
王禹偁,孙何,欣赏器重,0
洪朋,刘克庄,书序由Y所作,0
范祖禹,赵泽,推荐,0
杨方,孙伯温,学生为Y,0
纪昀,周永年,推荐,0
章杰,秦桧,恩主是Y,0
王安石,王子韶,推荐,0
马之纯,乔行简,学生为Y,0
曾布,吕惠卿,同年友,0
杨亿,黄鉴,欣赏器重,0
富弼,李师中,推荐,0
陆九渊,石斗文,学生为Y,0
方惟深,胡峄,友,0
王柏,王侃,学生为Y,0
吕祖谦,邓林,友,0
司马光,范祖禹,推荐,0
陈祐,章惇,反对攻讦,0
王曾,韩琦,书序由Y所作,0
王阮,刘克庄,书序由Y所作,0
史公亮,魏了翁,书序由Y所作,0
钱大昕,庄培因,同年友,0
郑东,宋濂,书序由Y所作,0
刘光祖,吕殊,推荐,0
秦桧,朱松,排挤,0
赵抃,徐九思,推荐,0
蒋重珍,郑起潜,同年友,0
王炎,朱熹,友,0
范祖禹,张康国,推荐,0
苏轼,苏辙,书序由Y所作,0
吕惠卿,曾布,同年友,0
向子諲,李稙,推荐,0
王安石,郏侨,欣赏器重,0
欧阳修,张守约,推荐,0
欧阳玄,宋濂,书序由Y所作,0
汪文盛,夏言,未知,0
陆九渊,陈刚,学生为Y,0
释道璨,释祖钦,欣赏器重,0
纪昀,胡绍鼎,同年友,0
孔延之,周敦颐,友,0
刘敞,刘攽,书序由Y所作,0
曾子良,吴澄,书序由Y所作,0
叶适,袁聘儒,学生为Y,0
孔延之,曾巩,友,0
蔡承禧,吕惠卿,反对攻讦,0
钱大昕,纪昀,同年友,0
欧阳修,曾肇,推荐,0
王维桢,谢少南,未知,0
苏辙,苏轼,书序由Y所作,0
黄丕烈,钱大昕,友,0
范同,秦桧,支持,0
王宗沐,李攀龙,友,0
王世贞,陈宗虞,未知,0
董敦逸,蔡京,弹劾,0
朱熹,冯椅,学生为Y,0
李定,苏轼,弹劾,0
曹豳,刘克庄,书序由Y所作,0
苏轼,李斯立,学生为Y,0
晁宗悫,晁说之,书序由Y所作,0
郑穆,陈烈,友,0
吕嘉问,邹浩,书序由Y所作,0
陈亮,何坚,学生为Y,0
周必大,张说,反对攻讦,0
吕希哲,颜岐,学生为Y,0
包拯,孙洙,推荐,0
韩璜,李弥大,弹劾,0
陈渊,沈度,书序由Y所作,0
曹冠,杨万里,同年友,0
寇准,钱熙,推荐,0
张致远,范宗尹,恩主是Y,0
洪朋,李冲元,友,0
朱熹,曾兴宗,学生为Y,0
屠隆,胡应麟,未知,0
李师中,司马光,推荐,0
刘德泽,胡铨,书序由Y所作,0
陈世崇,黄力叙,友,0
石介,张洞,欣赏器重,0
张鼐,徐阶,未知,0
秦桧,吕本中,排挤,0
尹焞,朱熹,书序由Y所作,0
陈师道,黄庭坚,书序由Y所作,0
王安石,王无咎,学生为Y,0
孙觌,周必大,书序由Y所作,0
郑侨,张贵谟,同年友,0
洪天锡,谢方叔,弹劾,0
莫济,刘章,同年友,0
苏舜钦,江休复,友,0
周权,袁桷,书序由Y所作,0
王存,王安石,友,0
朱熹,郑性之,门人为Y,0
曹彦约,李复,推荐,0
于格,冯时行,友,0
范仲淹,苏轼,书序由Y所作,0
欧阳修,常秩,推荐,0
秦桧,姚宏,排挤,0
纪昀,何琇,欣赏器重,0
司马光,刘安世,推荐,0
王诜,苏轼,友,0
胡瑗,刘彝,学生为Y,0
范子长,陈亮,友,0
李方子,叶采,门人为Y,0
丁复,宋濂,书序由Y所作,0
陈康伯,余良弼,推荐,0
杨万里,袁枢,推荐,0
寇准,燕肃,推荐,0
袁默,孙载,友,0
程颐,邢恕,学生为Y,0
范姝,吴琪,友,0
范仲淹,马遵,欣赏器重,0
范祖禹,李曼,推荐,0
姚希孟,祁彪佳,未知,0
程颐,尹焞,书序由Y所作,0
綦崇礼,楼钥,书序由Y所作,0
孔平仲,周必大,书序由Y所作,0
陈东,王黼,弹劾,0
程大昌,周必大,同年友,0
苏轼,闻人安道,友,0
潘良贵,陈楫,友,0
王安石,潘兴嗣,友,0
吴芾,秦桧,友,0
方回,贾似道,支持,0
赵抃,闻人安道,友,0
汪由敦,纪昀,门人为Y,0
李觏,廖平,门人为Y,0
王纲,苏籀,书序由Y所作,0
范祖禹,司马康,推荐,0
林仲嘉,郑侠,友,0
刘拯,黄庭坚,反对攻讦,0
黄德贞,申蕙,友,0
朱熹,王过,学生为Y,0
曹彦约,曹豳,推荐,0
范育,张载,推荐,0
张浚,吕稽中,辟,0
张鼐,沈度,未知,0
陈敬,朱熹,支持,0
孙复,朱光庭,门人为Y,0
夏良胜,彭泽,未知,0
种放,张无梦,友,0
顾宪成,黄正色,未知,0
吴表臣,范正国,推荐,0
陈朝老,蔡京,反对攻讦,0
李燧,周必大,书序由Y所作,0
吕祖谦,康文虎,门人为Y,0
王震,周必大,书序由Y所作,0
张焘,司马光,书序由Y所作,0
方云翼,沈晦,同年友,0
蔡京,李元膺,欣赏器重,0
宋来会,纪昀,友,0
曹彦约,柴中行,推荐,0
汪辉祖,钱大昕,友,0
李中简,朱筠,友,0
吕陶,章惇,弹劾,0
陆九渊,傅子云,门人为Y,0
饶鲁,吴中,学生为Y,0
陈傅良,吕声之,学生为Y,0
余深,黄显,推荐,0
朱熹,陈孔硕,学生为Y,0
范祖禹,郑穆,推荐,0
李中,曾巩,友,0
吕公著,程颢,推荐,0
吕祖谦,叶秀发,学生为Y,0
许奕,魏了翁,同年友,0
冯京,富弼,支持,0
林希,吕大防,反对攻讦,0
王直方,黄庭坚,友,0
李昴英,贾似道,弹劾,0
谢逸,黎道华,学生为Y,0
沈大廉,周葵,支持,0
朱熹,蔡元定,门人为Y,0
陈埴,翁敏之,学生为Y,0
吴谦,方凤,友,0
王安石,郑侠,学生为Y,0
姚希孟,黄尊素,未知,0
汤汉,袁甫,友,0
梁焘,陈师道,推荐,0
赵君锡,章惇,反对攻讦,0
余靖,范仲淹,支持,0
吕大防,杨申,欣赏器重,0
张瑾,秦熺,同年友,0
洪焱祖,宋濂,书序由Y所作,0
胡珵,陈东,支持,0
盛陶,王安石,反对攻讦,0
胡绍鼎,纪昀,同年友,0
薛素素,黄媛介,友,0
苏辙,王当,推荐,0
王晞韩,秦桧,反对攻讦,0
王安石,陈枢,推荐,0
王袆,宋濂,书序由Y所作,0
杨冠卿,王彦和,友,0
吕希哲,谢薖,学生为Y,0
朱服,苏轼,友,0
沈邈,夏竦,弹劾,0
朱熹,林大春,门人为Y,0
苏轼,朱服,友,0
钱大昕,汪辉祖,友,0
周琼,范姝,友,0
章惇,吕惠卿,排挤,0
李訦,傅伯成,友,0
朱松,罗愿,学生为Y,0
吴琪,范姝,友,0
李巽,王禹偁,友,0
黄中,周必大,书序由Y所作,0
裘曰修,钱大昕,恩主是Y,0
陆游,刘应时,友,0
王回,王安石,友,0
赵汝愚,钱文,推荐,0
吕祖谦,孟行古,门人为Y,0
朱熹,窦从周,门人为Y,0
文彦博,胡宗炎,推荐,0
秦桧,吴芾,友,0
唐介,范子奇,推荐,0
戴良,丁鹤年,未知,0
葛敏修,周必大,书序由Y所作,0
汪藻,姜仲谦,弹劾,0
段芝贵,段祺瑞,恩主是Y,0
张载,吕大临,学生为Y,0
刘元高,姚勉,友,0
许景衡,左纬,友,0
朱熹,邹补之,门人为Y,0
秦桧,范同,排挤,0
程颐,陈经邦,学生为Y,0
韩世忠,岳飞,支持,0
牟大昌,文天祥,支持,0
张肃,晁补之,书序由Y所作,0
洪遵,楼钥,书序由Y所作,0
程颢,杨时,学生为Y,0
常安民,章惇,弹劾,0
杜渐,王令,友,0
朱熹,黄谦,门人为Y,0
朱熹,张栻,友,0
徐世隆,元好问,书序由Y所作,0
王回,邹浩,友,0
贝琼,宋濂,书序由Y所作,0
孙升,杨时,书序由Y所作,0
黄力叙,陈世崇,友,0
丁伯桂,余天锡,反对攻讦,0
叶适,王汶,学生为Y,0
苏轼,苏坚,友,0
尹洙,范仲淹,书序由Y所作,0
苏洵,员安舆,友,0
朱熹,刘砺,门人为Y,0
赵执信,刘果实,友,0
真德秀,邹应博,推荐,0
何良俊,刘大夏,未知,0
陈祐,韩忠彦,反对攻讦,0
蔡元定,朱熹,友,0
谢翱,方凤,友,0
沈辽,吴充,恩主是Y,0
宋弼,赵执信,友,0
吴儆,张栻,友,0
丁石,戴复古,友,0
曹学闵,胡绍鼎,同年友,0
单钰,纪昀,友,0
曹泳,秦桧,恩主是Y,0
范纯仁,楼钥,书序由Y所作,0
陈献章,张诩,学生为Y,0
丁谓,夏竦,与Y结党,0
宋濂,方孝孺,门人为Y,0
胡寅,石安民,学生为Y,0
李绚,司马光,同年友,0
蔡幼学,吕声之,友,0
张佳胤,魏裳,未知,0
范祖禹,贺铸,推荐,0
周敦颐,陆游,书序由Y所作,0
杨弘道,元好问,书序由Y所作,0
苏辙,韩驹,学生为Y,0
俞充,司马光,排挤,0
黄庭坚,杨琳,友,0
范晞文,贾似道,弹劾,0
王无咎,曾肇,书序由Y所作,0
苏辙,张颉,弹劾,0
范祖禹,范致虚,推荐,0
章惇,蔡京,与Y结党,0
赵蕃,阮秀实,欣赏器重,0
宋咸,李觏,书序由Y所作,0
刘果实,吴雯,友,0
洪天锡,丘葵,学生为Y,0